Days,日期,周几,"手机屏幕
使用时间",睡眠时间,起床时间,工作,生活（饮食+社交+运动）,体重,体脂率,健康情况,总结
1,2023/5/14,周日,,8小时36分,,,俯卧撑5*10，深蹲10*10,,,,俯卧撑很难坚持做到一组10次，所以就用多组少次的方法。今天下雨就不跑步了。
2,2023/5/15,周一,,5小时19分,,,跑步5km；俯卧撑5*10，深蹲10*10，,,,,本来想尝试减少组数的，做到一半发现做不下去了，做完右肩好像有点拉伤。先无氧运动再有氧运动。昨晚锻炼太晚导致睡不着。
3,2023/5/16,周二,,6小时36分,,,跑步5km；俯卧撑5*10，深蹲10*10，,71.65,,,跑步前面一段，手环抽风卡了，显示没记录距离。手机倒是记录正确了，怪不得我跑得那么累，原来是跑了6公里多，
4,2023/5/17,周三,,6小时22分,,,跑步5km；俯卧撑5*10，深蹲10*10，,,,,早上终于吃上早餐了两个鸡蛋14g蛋白质，5km慢慢能跑起来了，冲冲冲！！！！
5,2023/5/18,周四,,7小时36分,,,跑步5km；俯卧撑5*10，深蹲10*10，,70.8,,,早上两个鸡蛋，今天有点累，晚上又很闷热，不是很有心情跑步。
6,2023/5/19,周五,,10小时3分,,,跑步5km；深蹲20*3，哑铃颈后臂屈伸20*3 ,70.5,,,早上睡过头了，没吃早餐。一开始跑觉得跑7分1公里的配速，后面忍一忍就提上去了，谁知道跑了30分，哈哈哈。
7,2023/5/20,周六,,9小时11分,,,深蹲20*5 哑铃颈后臂屈伸20*5 V字卷腹20*5,,,,今天去操场，但是不怎么想跑，主要是手机没电了，没了音乐就不想跑了。也不想没有记录的跑。
8,2023/5/21,周日,,6小时8分,,,跑步5km；深蹲20*5 哑铃颈后臂屈伸20*5 V字卷腹20*5 ,,,,今天天气没那么热，但是感觉没啥动力跑，晚上没有吃主食，跑完就饿了，吃了包辣条，好了白跑一半。
9,2023/5/22,周一,,9小时21分,,,跑步5km；深蹲20*5 哑铃颈后臂屈伸20*5 V字卷腹20*5 ,,,,晚上玩了一会CF回忆下童年，导致很晚才锻炼，但是已经找不到童年时的快乐了。欲买桂花同载酒，而今不似少年游。晚上不吃米饭，也没有吃零食！！
10,2023/5/23,周二,,8小时39分,,,,70.65,,,减肥失败
11,2023/5/24,周三,,8小时12分,,,深蹲20*5 哑铃颈后臂屈伸20*5 V字卷腹20*5,,,,无
12,2023/5/25,周四,,8小时22分,,,跑步5km；深蹲20*5 哑铃颈后臂屈伸20*5 V字卷腹20*5 ,70.35,,,还是得晚上吃主食，这样跑得才带劲，跑进30分钟了！！！！
13,2023/5/26,周五,,8小时58分,,,,,,,
14,2023/5/27,周六,,3小时50分,,,,,,,
15,2023/5/28,周日,,8小时54分,,,,,,,
16,2023/5/29,周一,,,,,,,,,
17,2023/5/30,周二,,14小时1分,,,,70.85,,,前一天晚上要做ppt第二天早上做报告，然后焦虑加拖延不想做没睡着
18,2023/5/31,周三,,4小时51分,,,,,,,
19,2023/6/1,周四,,6小时41分,,,,,,,
20,2023/6/2,周五,,,,,,,,,
21,2023/6/3,周六,,,,,,,,,
22,2023/6/4,周日,,,,,,,,,
23,2023/6/5,周一,,8小时6分,,,,,,,
24,2023/6/6,周二,,7小时18分,,,,69.75,,,
25,2023/6/7,周三,,7小时8分,,,,70.5,,,
26,2023/6/8,周四,,8小时50分,,,,70.15,,,
27,2023/6/9,周五,,7小时33分,,,跑5km；V字卷腹20*5 ,69.5,,,
28,2023/6/10,周六,,7小时52分,,,坐姿V字两头举 100 卷腹100 ,69.1,,,
29,2023/6/11,周日,,8小时24分,,,跑3km； 哑铃颈后臂屈伸50 坐姿V字两头举 100 卷腹100 ,69.1,,,
30,2023/6/12,周一,,7小时24分,,, 跑5km；哑铃颈后臂屈伸50 坐姿V字两头举 100 卷腹100 站立提踵100 ,69.5,,,
31,2023/6/13,周二,,9小时35分,,,坐姿V字两头举 100 卷腹100 站立提踵100 ,69.3,,,
32,2023/6/14,周三,,7小时42分,,,站立提踵100,69.45,,,今天干活到凌晨，就不锻炼了
33,2023/6/15,周四,,5小时42分,,,跑5km；坐姿V字两头举 100 卷腹100 ,69.35,,,
34,2023/6/16,周五,,8小时19分,,,坐姿V字两头举 100 卷腹100 站立提踵100 ,70.1,,,
35,2023/6/17,周六,,7小时52分,,,坐姿V字两头举 100 卷腹100 站立提踵100 ,69.45,,,
36,2023/6/18,周日,,7小时34分,,,打排球 站立提踵50,68.65,,,
37,2023/6/19,周一,,5小时53分,,,站立提踵50,69.7,,,昨晚通宵了
38,2023/6/20,周二,,9小时33分,,,坐姿V字两头举 100 卷腹100 站立提踵100 深蹲100,70.3,,,
39,2023/6/21,周三,,7小时16分,,,坐姿V字两头举 100 卷腹100 站立提踵100,69.75,,,
40,2023/6/22,周四,,,,,坐姿V字两头举 100 卷腹100 站立提踵100,69.75,,,
41,2023/6/23,周五,,5小时53分,,,,69.15,,,
42,2023/6/24,周六,,8小时50分,,,,69.15,,,
43,2023/6/25,周日,,7小时16分,,,,69.55,,,
44,2023/6/26,周一,,8小时31分,,,,68.95,,,
45,2023/6/27,周二,,6小时29分,,,,69.05,,,
46,2023/6/28,周三,,,,,,,,,
47,2023/6/29,周四,,6小时18分,,,,69.5,,,
48,2023/6/30,周五,,5小时29分,,,,69.55,,,
49,2023/7/1,周六,,7小时35分,,,,69.45,,,
50,2023/7/2,周日,,8小时56分,,,坐姿V字两头举 100 卷腹100,,,,
51,2023/7/3,周一,,,,,坐姿V字两头举 100 卷腹100,68.75,,,
52,2023/7/4,周二,,5小时20分,,,羽毛球 坐姿V字两头举 100 卷腹100,69.5,,,
53,2023/7/5,周三,,7小时7分,,,坐姿V字两头举 100 卷腹100 站立提踵100 深蹲50,69,,,锻炼真的太难坚持了
54,2023/7/6,周四,,7小时59分,,,坐姿V字两头举 100 卷腹100 杠铃弯矩50,69.3,,,
55,2023/7/7,周五,,8小时28分,,,坐姿V字两头举100 站立提踵100,70.4,,,
56,2023/7/8,周六,,9小时22分,,,,69.65,,,
57,2023/7/9,周日,,7小时20分,,,羽毛球 坐姿V字两头举 100 卷腹100 站立提踵100 杠铃弯矩50,70.4,,,
58,2023/7/10,周一,,7小时16分,,,坐姿V字两头举 100 卷腹100 杠铃弯矩100,,,,
59,2023/7/11,周二,,7小时39分,,,,69.5,,,
60,2023/7/12,周三,,10小时27分,,,坐姿v字两头举100 卷腹100 杠铃弯举100 站立提踵100,68.85,,,
61,2023/7/13,周四,,5小时45分,,,坐姿v字两头举100 卷腹100 杠铃弯举100 站立提踵100,,,,
62,2023/7/14,周五,,,,,坐姿v字两头举100 卷腹100 站立提踵100,69.1,,,
63,2023/7/15,周六,,,,,坐姿v字两头举100 卷腹100 站立提踵100 杠铃弯举100,68.4,,,
64,2023/7/16,周日,,4小时16分,,,,69.65,,,
65,2023/7/17,周一,,10小时14分,,,,69.05,,,
66,2023/7/18,周二,,6小时2分,,,,69.8,,,
67,2023/7/19,周三,,4小时29分,,,,,,,
68,2023/7/20,周四,,,,,,,,,
69,2023/7/21,周五,,,,,,,,,
70,2023/7/22,周六,,,,,,,,,
71,2023/7/23,周日,,,,,,,,,
72,2023/7/24,周一,,,,,,,,,
73,2023/7/25,周二,,,,,,,,,
74,2023/7/26,周三,,,,,,,,,
75,2023/7/27,周四,,,,,,,,,
76,2023/7/28,周五,,,,,,,,,
77,2023/7/29,周六,,,,,,69.7,20.6,,
78,2023/7/30,周日,,,,,,,,,
79,2023/7/31,周一,,,,,,70.3,20.8,,
80,2023/8/1,周二,,,,,,,,,
81,2023/8/2,周三,,,,,,69.25,20.3,,
82,2023/8/3,周四,,,,,,,,,
83,2023/8/4,周五,,,,,,,,,
84,2023/8/5,周六,,,,,,,,,
85,2023/8/6,周日,,6小时37分,,,,,,,
86,2023/8/7,周一,,8小时7分,,,,,,,
87,2023/8/8,周二,,8小时15分,,,,,,,
88,2023/8/9,周三,,7小时38分,,,,,,,
89,2023/8/10,周四,,7小时38分,,,,,,,
90,2023/8/11,周五,,7小时38分,,,,,,,
91,2023/8/12,周六,,,,,,,,,
92,2023/8/13,周日,,,,,,,,,
93,2023/8/14,周一,,,,,,,,,
94,2023/8/15,周二,,,,,,,,,
95,2023/8/16,周三,,,,,,,,,
96,2023/8/17,周四,,,,,,,,,
97,2023/8/18,周五,,,,,,,,,
98,2023/8/19,周六,,,,,,,,,
99,2023/8/20,周日,,,,,,,,,
100,2023/8/21,周一,,,,,,,,,
101,2023/8/22,周二,,6小时25分,,,,,,,
102,2023/8/23,周三,,7小时36分,,,,69.55,,,
103,2023/8/24,周四,,7小时7分,,,,69.7,,,
104,2023/8/25,周五,,,,,,,,,
105,2023/8/26,周六,,,,,,69.9,,,
106,2023/8/27,周日,,6小时55分,,,,,,,
107,2023/8/28,周一,,7小时11分,,,,71,,,
108,2023/8/29,周二,,6小时59分,,,,,,,
109,2023/8/30,周三,,9小时31分,,,,,,,
110,2023/8/31,周四,,,,,,,,,
111,2023/9/1,周五,,,,,,71.9,,,
112,2023/9/2,周六,,,,,,73.4,,,不减反增总结，就是没有坚持锻炼。而没有坚持锻炼的原因可能是自己锻炼计划不够合理，没有考虑锻炼时间被打断的情况，也低估了自己的惰性。
113,2023/9/3,周日,,,,,,72.8,,,
114,2023/9/4,周一,,,,,,71.5,,,
115,2023/9/5,周二,,,,,,70.9,,,
116,2023/9/6,周三,,,,,,,,,
117,2023/9/7,周四,,,,,,,,,
118,2023/9/8,周五,,,,,,,,,
119,2023/9/9,周六,,9小时54分,,,,,,,
120,2023/9/10,周日,,8小时25分,,,,72.8,,,
121,2023/9/11,周一,,6小时14分,,,,73.2,,,
122,2023/9/12,周二,,4小时50分,,,,72.85,,,
123,2023/9/13,周三,,4小时22分,,,,72.16,,,
124,2023/9/14,周四,,6小时13分,,,,72.48,,,
125,2023/9/15,周五,,4小时25分,,,,72.16,,,
126,2023/9/16,周六,,4小时58分,,,,71.95,,,
127,2023/9/17,周日,,6小时27分,,,,72.43,,,
128,2023/9/18,周一,,6小时58分,,,,72.8,,,
129,2023/9/19,周二,,7小时36分,,,,73.26,,,
130,2023/9/20,周三,,7小时9分,,,,73.26,,,
131,2023/9/21,周四,,7小时2分,,,,73.55,,,
132,2023/9/22,周五,,6小时24分,,,,,,,
133,2023/9/23,周六,,9小时0分,,,,72.75,,,
134,2023/9/24,周日,,12小时12分,,,,72.75,,,
135,2023/9/25,周一,,9小时50分,,,,72.25,,,
136,2023/9/26,周二,,,,,,72.25,,,
137,2023/9/27,周三,,7小时26分,,,,72.75,,,
138,2023/9/28,周四,,7小时43分,,,,,,,
139,2023/9/29,周五,,8小时56分,,,,,,,
140,2023/9/30,周六,,6小时5分,,,,,,,
141,2023/10/1,周日,,7小时52分,,,,,,,
142,2023/10/2,周一,,7小时21分,,,,,,,
143,2023/10/3,周二,,7小时4分,,,,,,,
144,2023/10/4,周三,,,,,,72.7,22.2,,
145,2023/10/5,周四,,7小时31分,,,,72.45,22.3,,
146,2023/10/6,周五,,6小时34分,,,左右单手各握持使用握力计60公斤50次，垫脚100次,72.25,22.3,,
147,2023/10/7,周六,,,,,,72.2,22.4,,
148,2023/10/8,周日,,9小时11分,,,左右单手各握持使用握力计60公斤50次，跆拳道训练,72.7,22.5,,
149,2023/10/9,周一,,8小时15分,,,左右单手各握持使用握力计60公斤50次，杠铃弯举30次,72.95,22.8,,
150,2023/10/10,周二,,8小时5分,,,,73.05,22.9,,
151,2023/10/11,周三,,,,,,72.85,22.8,,
152,2023/10/12,周四,,10小时42分,,,,72.4,22.5,,
153,2023/10/13,周五,,,,,跆拳道训练,72.55,22.6,,
154,2023/10/14,周六,,,,,,,,,
155,2023/10/15,周日,,,,,,72.2,22.3,,
156,2023/10/16,周一,,4小时35分,,,,,,,
157,2023/10/17,周二,,,,,,,,,
158,2023/10/18,周三,,,,,,72.35,22.4,,
159,2023/10/19,周四,,8小时15分,,,,72.35,22.3,,
160,2023/10/20,周五,,6小时49分,,,跆拳道训练,,,,
161,2023/10/21,周六,,7小时11分,,,,72.2,22.4,,
162,2023/10/22,周日,,7小时25分,,,,72.2,22.3,,
163,2023/10/23,周一,,8小时13分,,,跑步5km；,72.4,22.4,,
164,2023/10/24,周二,,10小时33分,,,,71.95,22.2,,
165,2023/10/25,周三,,8小时22分,,,,,,,
166,2023/10/26,周四,,6小时30分,,,,72.35,22.3,,
167,2023/10/27,周五,,6小时58分,,,,71.95,22.1,,
168,2023/10/28,周六,,7小时27分,,,,71.55,22.2,,
169,2023/10/29,周日,,6小时25分,,,,71.75,22.6,,
170,2023/10/30,周一,,8小时14分,,,,71.45,22.4,,
171,2023/10/31,周二,,6小时23分,,,,71.45,22.6,,
172,2023/11/1,周三,,10小时1分,,,,71.55,22.4,,
173,2023/11/2,周四,,8小时40分,,,,71.4,22.3,,
174,2023/11/3,周五,,8小时6分,,,,71.3,22.5,,
175,2023/11/4,周六,,7小时41分,,,,71.1,22.4,,
176,2023/11/5,周日,,5小时44分,,,,71.3,22.4,,
177,2023/11/6,周一,,5小时29分,,,,71.55,22.5,,
178,2023/11/7,周二,,4小时49分,,,,,,,
179,2023/11/8,周三,,5小时41分,,,,,,,
180,2023/11/9,周四,,,,,,,,,
181,2023/11/10,周五,,8小时53分,,,,71.05,22.2,,
182,2023/11/11,周六,,7小时35分,,,,70.65,22,,
183,2023/11/12,周日,,7小时22分,,,,71.1,22.1,,
184,2023/11/13,周一,,5小时28分,,,,71.1,22.3,,
185,2023/11/14,周二,,8小时0分,,,,71.05,22,,
186,2023/11/15,周三,,7小时56分,,,,71.25,22.2,,
187,2023/11/16,周四,,6小时54分,,,,71.05,22.3,,
188,2023/11/17,周五,,9小时15分,,,,70.85,22.4,,
189,2023/11/18,周六,,7小时7分,,,,70.15,22.1,,
190,2023/11/19,周日,,8小时11分,,,,71,22.1,,
191,2023/11/20,周一,,,,,,70.75,21.9,,
192,2023/11/21,周二,,5小时57分,,,,70.75,22.1,,
193,2023/11/22,周三,,9小时42分,,,,70.35,21.7,,
194,2023/11/23,周四,,,,,,70.35,21.7,,
195,2023/11/24,周五,,8小时57分,,,,70.5,21.8,,
196,2023/11/25,周六,,6小时44分,,,,70.2,21.8,,
197,2023/11/26,周日,,9小时25分,,,,70,21.8,,
198,2023/11/27,周一,,8小时18分,,,,70,21.7,,
199,2023/11/28,周二,,9小时46分,,,,,,,
200,2023/11/29,周三,,8小时29分,,,,70,21.7,,
201,2023/11/30,周四,,6小时15分,,,,70.6,21.8,,
202,2023/12/1,周五,,8小时7分,,,,70.15,21.8,,
203,2023/12/2,周六,,9小时15分,,,,70.35,21.8,,
204,2023/12/3,周日,11小时35分,8小时48分,,,,70.35,21.8,,
205,2023/12/4,周一,10小时6分,6小时59分,,,,69.9,21.6,,
206,2023/12/5,周二,8小时9分,8小时54分,,,,70.2,21.7,,
207,2023/12/6,周三,5小时35分,8小时50分,,,,70.6,21.9,,
208,2023/12/7,周四,4小时30分,9小时59分,,,,70.55,22,,
209,2023/12/8,周五,7小时31分,7小时40分,,,,70.4,21.7,,
210,2023/12/9,周六,6小时9分,8小时26分,,,,70.05,21.7,,
211,2023/12/10,周日,8小时36分,5小时33分,,,,70.4,21.7,,
212,2023/12/11,周一,8小时56分,,,,,70.1,21.8,,
213,2023/12/12,周二,9小时1分,8小时18分,,,,69.9,21.5,,
214,2023/12/13,周三,10小时29分,7小时43分,,,,69.75,21.5,,
215,2023/12/14,周四,6小时9分,8小时42分,,,,69.85,21.4,,
216,2023/12/15,周五,5小时30分,8小时42分,,,,69.7,21.4,,
217,2023/12/16,周六,7小时17分,7小时9分,,,,69.9,21.5,,
218,2023/12/17,周日,6小时56分,,,,,70.05,23.2,,突然降温到10几度，体脂称算法有问题了
219,2023/12/18,周一,5小时22分,6小时5分,,,,69.9,23,,
220,2023/12/19,周二,3小时34分,10小时39分,,,,70.1,23.1,,
221,2023/12/20,周三,8小时36分,7小时37分,,,,69.9,23.2,,
222,2023/12/21,周四,7小时43分,8小时6分,,,,69.9,23.2,,
223,2023/12/22,周五,6小时35分,9小时11分,,,,70.35,23.4,,
224,2023/12/23,周六,6小时35分,8小时48分,,,,70.35,23.3,,
225,2023/12/24,周日,6小时2分,7小时41分,,,,70.95,23.9,,
226,2023/12/25,周一,6小时8分,,,,,,,,
227,2023/12/26,周二,9小时6分,10小时5分,,,,70.35,23.5,,
228,2023/12/27,周三,5小时56分,7小时33分,,,,70.05,23.2,,
229,2023/12/28,周四,6小时22分,8小时27分,,,,70.7,23.4,,
230,2023/12/29,周五,4小时43分,8小时30分,,,,70.6,23.2,,
231,2023/12/30,周六,9小时6分,5小时29分,,,,71.1,23.5,,
232,2023/12/31,周日,6小时46分,10小时1分,,,,70.25,23.4,,
233,2024/1/1,周一,9小时38分,5小时59分,,,下午晚上和吕鸿冠及其对象、黄晓婷、钟诗蕴去景山公园爬上山、优和汇海滩野餐,70.05,23.2,,
234,2024/1/2,周二,5小时27分,9小时38分,,,,70,23.1,,
235,2024/1/3,周三,7小时18分,8小时47分,,,,70.1,23.2,,
236,2024/1/4,周四,6小时49分,8小时29分,,南校盖章出差  ,,69.95,23.1,,
237,2024/1/5,周五,5小时54分,5小时11分,,,中午和陈鉴吃饭了晚上和余梓宁、吴斌吃饭,,,,
238,2024/1/6,周六,7小时18分,7小时22分,,,6号和陈志强，谌威、苏珏成逛了逛五山校区吃饭,,,,
239,2024/1/7,周日,8小时14分,9小时27分,,,,69.7,23,,
240,2024/1/8,周一,9小时30分,6小时50分,,,,70.05,23.3,,
241,2024/1/9,周二,5小时29分,7小时7分,,,,70.25,23.2,,
242,2024/1/10,周三,7小时35分,8小时56分,,,,69.65,23.1,,
243,2024/1/11,周四,4小时31分,4小时49分,,,,69.85,23.1,,
244,2024/1/12,周五,5小时22分,6小时39分,,,,70.45,23.3,,
245,2024/1/13,周六,5小时49分,8小时8分,,,,70.45,23.3,,
246,2024/1/14,周日,,8小时57分,,,,69.4,23,,
247,2024/1/15,周一,11小时6分,,,,晚上表弟贺志峰咨询要高考还是打工,69.35,22.9,,
248,2024/1/16,周二,13小时42分,6小时36分,,,,69.35,22.8,,
249,2024/1/17,周三,5小时44分,7小时11分,,下午帮礼绍博师兄算了一下小球入水；晚上学习了hypermesh视频，画了潜艇网格,,69.25,22.8,,
250,2024/1/18,周四,4小时49分,9小时24分,,整理了几个SPH算例，整理了几个SPH算例，做组会ppt；晚上开组会、加密了双马赫反射、NACA0012、Submarine挂着算，Schardins problem挂着重新算,,69,22.6,,
251,2024/1/19,周五,7小时1分,7小时58分,,合同扫描，把双马赫的加密计算了，看了一下溃坝的论文，发现加密不能算的bug；按照孙老师的damper的论文改成了WenlandC2核函数,,69.15,22.7,,
252,2024/1/20,周六,10小时12分,7小时24分,,下午搞sph代码，玩王者；状态方程、动量方程（体积力项、粘性力项）都对上了；晚上其他有点难follow，要看论文，挂了个算例,,68.8,22.7,,
253,2024/1/21,周日,8小时56分,10小时3分,,下午SPH算例bug，修正继续挂算例；晚上没吃饭，用Dualsphysics算了一下Bucher这个溃坝，并且写了压力插值的vtk代码,,68.75,22.6,,
254,2024/1/22,周一,10小时12分,7小时55分,,飞机还是没有画出来，装了个SolidWorks2024,,68.75,22.7,,
255,2024/1/23,周二,4小时50分,8小时2分,,没干啥，不知道干啥，不想干,,68.85,22.6,,
256,2024/1/24,周三,12小时4分,9小时59分,,把飞机能算了，让老师debug了一下,,68.25,22.5,,
257,2024/1/25,周四,11小时46分,9小时18分,,没干啥,,68.25,22.5,,
258,2024/1/26,周五,10小时30分,10小时7分,,写了一下DG论文,,69.15,22.8,,
259,2024/1/27,周六,9小时17分,9小时6分,,注册了一个新的CHATGPT账号,,68.65,22.5,,
260,2024/1/28,周日,11小时51分,,,继续写Schardin问题描述,,68.35,22.3,,
261,2024/1/29,周一,10小时49分,,,这几天都在玩帕鲁,,68.45,22.6,,
262,2024/1/30,周二,8小时44分,8小时33分,,,,69.15,22.8,,
263,2024/1/31,周三,4小时58分,5小时11分,,,,69.05,22.6,,
264,2024/2/1,周四,8小时26分,7小时12分,,,,68.25,22.3,,
265,2024/2/2,周五,5小时46分,5小时2分,,,下午六点半回顺德；晚上8点到； 9点半出发回老家,68.4,22.1,,
266,2024/2/3,周六,1小时58分,0小时0分,,,中午12点到的外婆家,,,,
267,2024/2/4,周日,10小时49分,12小时9分,,,中午在马路伯伯家吃饭；下午二伯家待着,,,,
268,2024/2/5,周一,6小时36分,6小时33分,,,,,,,
269,2024/2/6,周二,3小时55分,13小时35分,,,,,,,
270,2024/2/7,周三,,9小时55分,,,,,,,
271,2024/2/8,周四,12小时21分,,,,,,,,
272,2024/2/9,周五,10小时2分,,,,,,,,
273,2024/2/10,周六,11小时5分,,,,,,,,
274,2024/2/11,周日,6小时53分,,,,,,,,
275,2024/2/12,周一,7小时26分,,,,,,,,
276,2024/2/13,周二,4小时10分,8小时1分,,,回顺德,,,,
277,2024/2/14,周三,10小时2分,5小时54分,,,凌晨回到顺德，中午下午去勒流龙江找伍铭尚、伍坚尚、于梓宁玩,,,,
278,2024/2/15,周四,14小时15分,6小时49分,,,中午临时被于梓宁去顺德人家和吴彬、曹海镟、关嘉琪、刘焯源、萧臻鸿吃早茶，下午去一中看了陈云、晚上男生吃了锅底粥唱K,,,,
279,2024/2/16,周五,8小时38分,,,,,,,,
280,2024/2/17,周六,15小时45分,,,,,,,,
281,2024/2/18,周日,14小时11分,,,,,,,,
282,2024/2/19,周一,,6小时32分,,,,,,,
283,2024/2/20,周二,10小时56分,8小时50分,,,下午回的学校,,,,
284,2024/2/21,周三,7小时33分,8小时49分,,算声学问题,咳嗽四天了，下午去医院拍了胸片,69.75,22.9,,
285,2024/2/22,周四,,5小时42分,,在清空todolist,,69.35,22.7,,
286,2024/2/23,周五,,7小时19分,,没动力不想搞学术，消极怠工,,69.7,22.9,,
287,2024/2/24,周六,,,,没动力不想搞学术，消极怠工,,69.55,23,,
288,2024/2/25,周日,,,,没动力不想搞学术，消极怠工,,,,,
289,2024/2/26,周一,,,,没动力不想搞学术，消极怠工,,69.65,23.3,,
290,2024/2/27,周二,,,,没动力不想搞学术，消极怠工,,69.85,23.2,,
291,2024/2/28,周三,,,,没动力不想搞学术，消极怠工,,,,,
292,2024/2/29,周四,,,,没动力不想搞学术，消极怠工,,68.65,23,,
293,2024/3/1,周五,,,,没动力不想搞学术，消极怠工,,,,,
294,2024/3/2,周六,,6小时26分,,没动力不想搞学术，消极怠工,,68.95,23.8,,
295,2024/3/3,周日,9小时10分,6小时55分,,没动力不想搞学术，消极怠工,和工位同学去吃了那个寻糖记,69.85,23.1,,
296,2024/3/4,周一,13小时11分,8小时0分,,没动力不想搞学术，消极怠工,,69.45,23,,
297,2024/3/5,周二,10小时43分,,,没动力不想搞学术，消极怠工,,69.8,22.9,,
298,2024/3/6,周三,9小时54分,6小时49分,,没动力不想搞学术，消极怠工,和工位同学去吃了那个大江快餐很一般,,,,
299,2024/3/7,周四,9小时19分,13小时13分,,没动力不想搞学术，消极怠工,,69.65,22.9,,
300,2024/3/8,周五,8小时21分,3小时55分,,没动力不想搞学术，消极怠工,,,,,
301,2024/3/9,周六,7小时13分,4小时24分,,没动力不想搞学术，消极怠工,,69.95,23,,
302,2024/3/10,周日,12小时25分,11小时30分,,没动力不想搞学术，消极怠工,,69.7,23,,
303,2024/3/11,周一,16小时14分,,,没动力不想搞学术，消极怠工,,70.05,23.1,,
304,2024/3/12,周二,9小时41分,7小时53分,,,,69.75,23.4,,
305,2024/3/13,周三,13小时56分,6小时23分,,,,70,23.3,,
306,2024/3/14,周四,,7小时45分,,,,,,,
307,2024/3/15,周五,,9小时24分,,,emo了躺平,69.75,23.2,,
308,2024/3/16,周六,15小时27分,6小时4分,,,emo了躺平,70.05,23.5,,
309,2024/3/17,周日,16小时47分,,,,emo了躺平,,,,
310,2024/3/18,周一,,8小时50分,,,emo了躺平,,,,
311,2024/3/19,周二,17小时14分,6小时24分,,,emo了躺平,69.45,23.1,,
312,2024/3/20,周三,15小时26分,8小时27分,,,emo了躺平,,,,
313,2024/3/21,周四,16小时13分,7小时20分,,,emo了躺平,69.55,23.1,,
314,2024/3/22,周五,18小时44分,,,,emo了躺平,,,,
315,2024/3/23,周六,,10小时23分,,,emo了躺平,69.85,23.2,,
316,2024/3/24,周日,14小时40分,9小时2分,,,emo了躺平，总共9天,,,,
317,2024/3/25,周一,12小时13分,,,,,69.4,23,,
318,2024/3/26,周二,10小时45分,8小时34分,,,,,,,
319,2024/3/27,周三,11小时18分,8小时14分,,,,,,,
320,2024/3/28,周四,12小时29分,7小时9分,,,晚上看了小米汽车发布会，我就喜欢看,,,,
321,2024/3/29,周五,8小时50分,7小时11分,,,,69.9,23.1,,
322,2024/3/30,周六,10小时51分,7小时56分,,,,,,,
323,2024/3/31,周日,14小时48分,7小时25分,,,,69.9,23.2,,
324,2024/4/1,周一,13小时11分,7小时51分,,,,70.1,23.3,,
325,2024/4/2,周二,11小时19分,7小时56分,,,,,,,
326,2024/4/3,周三,13小时8分,9小时53分,,,下午3点没饭吃，吃了KFC,,,,
327,2024/4/4,周四,17小时2分,6小时2分,,,清明假期躺平,69.85,22.9,,
328,2024/4/5,周五,12小时15分,8小时13分,,,清明假期躺平,69.85,23.3,,
329,2024/4/6,周六,13小时36分,5小时1分,,,晚上和潘琳在宝龙城吃了酸菜鱼,70.65,23.6,,
330,2024/4/7,周日,9小时37分,8小时49分,,算DG单相流的精度验证 GaussianBump 建模画网格计算,晚上和工位同学在巧味私厨吃饭,,,,
331,2024/4/8,周一,10小时52分,8小时18分,,,,69.45,23.1,,
332,2024/4/9,周二,9小时23分,8小时59分,,,,69.15,22.9,,
333,2024/4/10,周三,11小时56分,8小时49分,,,和王冠天去港湾一号吃了KFC,,,,
334,2024/4/11,周四,10小时22分,7小时53分,,,晚上和工位同学吃了有间肠粉的牛肉云吞,68.75,23.1,,
335,2024/4/12,周五,13小时19分,7小时50分,,,凌晨打王者打到了早上3点多,70.25,23.5,,
336,2024/4/13,周六,,8小时0分,,没搞,从昨晚8点打王者打到了早上5点多，然后刷了两小时抖音,,,,
337,2024/4/14,周日,19小时1分,4小时56分,,没搞,从昨晚10点打王者打到了早上9点多，晚上和黄子轩吃了港湾一号的酸菜鱼，然后跆拳道训练,70,23.4,,
338,2024/4/15,周一,8小时55分,9小时38分,,,,69.55,23,,
339,2024/4/16,周二,11小时9分,5小时11分,,花了一晚上认真的做了一份word简历,,69.85,23.2,,
340,2024/4/17,周三,11小时16分,8小时47分,,,,70.3,23.3,,
341,2024/4/18,周四,11小时2分,8小时35分,,,,,,,
342,2024/4/19,周五,10小时13分,6小时54分,,,晚上和工位同学吃了重庆小面的小炒,69.95,23.4,,
343,2024/4/20,周六,11小时30分,8小时11分,,,,69.95,23.1,,
344,2024/4/21,周日,9小时34分,9小时22分,,,,70.05,23.2,,
345,2024/4/22,周一,9小时51分,6小时1分,,,晚上和工位同学吃了伟记,70.35,23.7,,
346,2024/4/23,周二,15小时45分,7小时44分,,,,69.85,23.2,,
347,2024/4/24,周三,11小时56分,9小时25分,,华为结构工程师暑期实习笔试挂了,,69.85,23.2,,
348,2024/4/25,周四,13小时12分,8小时37分,,面了一家小公司，问的cfd都回答不上来,凌晨玩王者了,,,,
349,2024/4/26,周五,16小时26分,5小时12分,,,凌晨玩王者刷抖音到六点，晚上跆拳道，感觉很好,,,,
350,2024/4/27,周六,6小时6分,6小时43分,,学手机跌落仿真相关内容,晚上和李博吃了白马烤鱼，然后陪他去五院做全飞秒手术,69.95,23.3,,
351,2024/4/28,周日,10小时13分,6小时17分,,学手机跌落仿真相关内容,晚上和工位同学在巧味私厨吃饭,,,,
352,2024/4/29,周一,7小时56分,6小时51分,,做面试PPT,晚上和导师课题组和甲方吃饭,,,,
353,2024/4/30,周二,9小时21分,4小时1分,,早上中科院软件中心面试,晚上和工位同学在寻糖记吃饭,,,,
354,2024/5/1,周三,8小时49分,9小时14分,,没搞科研,下午打了两把王者，晚上工位同学聚餐，然后玩德州扑克,69.05,23,,
355,2024/5/2,周四,8小时46分,7小时55分,,写ICCES论文,晚上去扬名广场吃了海底捞,68.95,23,,
356,2024/5/3,周五,8小时45分,3小时24分,,,去广州找余梓宁、刘焯源、萧臻鸿玩，中午吃了丽影广场的牛蛙、下午去了漫展外面、沙面、越秀公园，晚上在广医科旁边吃了个鸡煲,70.2,23.5,,
357,2024/5/4,周六,12小时1分,9小时59分,,,看贫穷的本质，刷抖音,69.9,23.2,,
358,2024/5/5,周日,9小时42分,7小时37分,,搞GPU溃坝弹性板和ICCES会议论文,,,,,
359,2024/5/6,周一,7小时48分,8小时29分,,搞GPU溃坝弹性板的bug和ICCES会议论文,晚上和工位同学吃了巧味私厨，然后和徐杨去游泳，能游个50m,,,,
360,2024/5/7,周二,9小时25分,6小时50分,,凌晨insta360暑期实习笔试 gg，写ICCES会议论文,晚上游泳课学了呼吸 漂浮 浮冬瓜,70.35,23.2,,
361,2024/5/8,周三,7小时40分,10小时40分,,上午适创科技面试，下午晚上学机械设计,晚上游泳课  慢收夹翻、快蹬腿 飘一会,,,,
362,2024/5/9,周四,11小时12分,4小时59分,,下午云翼超算面试,晚上去格力海岸旁边的半岛野营了,69.9,23.3,,
363,2024/5/10,周五,10小时48分,,,下午中望软件面试，晚上准备明天的面试,,69.6,23.1,,
364,2024/5/11,周六,7小时4分,6小时18分,,上午秩益科技面试，下午云道智造面试,晚上和工位同学去会同古镇看了北师大组织文艺汇演，回来完了德洲扑克,69.6,23,,
365,2024/5/12,周日,10小时55分,9小时41分,,休息,晚上和林昭辰去宝龙城吃了个什么什么蟹,69.75,23,,
366,2024/5/13,周一,7小时55分,9小时4分,,,晚上和工位同学吃了巧味私厨,,,,
367,2024/5/14,周二,9小时19分,6小时55分,,看科学写作，写论文,晚上游泳课,69.35,23.1,,
368,2024/5/15,周三,7小时1分,8小时49分,,写ICCES论文,晚上游泳课,68.75,22.7,,
369,2024/5/16,周四,8小时0分,8小时50分,,写ICCES论文；晚上录制机械设计视频,,69.25,22.7,,
370,2024/5/17,周五,8小时29分,7小时56分,,下午搞机械设计实验助教,晚上和工位同学吃了东记,,,,
371,2024/5/18,周六,9小时38分,10小时2分,,下午在看计算流体力学基础算法，晚上在看清华博士申请,,69.75,23,,
372,2024/5/19,周日,10小时42分,9小时11分,,下午写ICCES论文，晚上玩手机去了,,69.05,22.7,,
373,2024/5/20,周一,8小时9分,8小时19分,,下午算那个近壁面气泡算例写ICCES论文，晚上挂算例去了,晚上和工位同学吃了汉堡王,69.05,22.8,,
374,2024/5/21,周二,8小时5分,8小时49分,,下午看Science Research Writing写ICCES论文,晚上游泳课,69.05,22.8,,
375,2024/5/22,周三,10小时53分,7小时20分,,下午写ICCES论文，开始写SPH的论文；晚上玩手机,,68.9,22.8,,
376,2024/5/23,周四,10小时18分,9小时5分,,下午理发，下午晚上写DG论文,,69.3,22.9,,
377,2024/5/24,周五,7小时22分,3小时58分,,早上吕鸿冠师兄博士答辩下午刘谋斌讲座,晚上工位同学去火牛吃了烤肉,69.25,22.9,,
378,2024/5/25,周六,,13小时43分,,中午醒，下午又睡了一觉，晚上搞ICCES论文，和建立自由面模型,,68.85,23,,
379,2024/5/26,周日,11小时53分,6小时31分,,下午填光合基金申请的资料；晚上debug那sph流固耦合失效,中午和李冰冰吃了饭，在北师珠逛了逛,,,,
380,2024/5/27,周一,11小时9分,9小时51分,,下午晚上debug那sph流固耦合失效,,69.05,22.7,,
381,2024/5/28,周二,9小时58分,8小时31分,,下午2点来的，下午debug的同时练听力；晚上debug，老师看论文出图看case,晚上游泳,69.45,22.9,,
382,2024/5/29,周三,8小时50分,7小时57分,,上午十点来的，icces按老师要求更改，下午3点来的icces查重并提交；晚上写作文，做图,,69.25,23,,
383,2024/5/30,周四,9小时28分,8小时14分,,上午做图；下午搬座位，做图；晚上看SPHgpu爆炸的bug；做到了第13个版本,,69.75,22.9,,
384,2024/5/31,周五,5小时38分,6小时15分,,晚上debug水下爆炸sph,睡大觉,,,,
385,2024/6/1,周六,12小时27分,,,下午写DG论文,,69,22.7,,
386,2024/6/2,周日,10小时40分,,,,睡大觉,68.9,22.6,,
387,2024/6/3,周一,11小时59分,6小时36分,,,睡大觉,68.75,22.5,,
388,2024/6/4,周二,13小时35分,8小时0分,,,睡大觉，晚上游泳课,,,,
389,2024/6/5,周三,6小时30分,8小时58分,,下午和晚上研究dummy小球入水,晚上和礼绍博、彭统帅、王冠天吃了阿瓦提烧烤,68.35,22.3,,
390,2024/6/6,周四,7小时22分,8小时23分,,下午搞机械设计实验助教；晚上搞打印机，机械设计,,68.65,22.5,,
391,2024/6/7,周五,6小时23分,6小时6分,,早上论文出图然后和郭嘉鑫聊天去了，下午机械设计课程,晚上玩植物大战僵尸去了,68.85,22.6,,
392,2024/6/8,周六,,13小时16分,,晚上搞小球入水去了，没搞成,没睡着下午3点才起的，刷抖音去了,68.85,22.4,,
393,2024/6/9,周日,8小时59分,10小时9分,,下午三点来的DG论文做图,晚上跆拳道训练,68.35,22.3,,
394,2024/6/10,周一,7小时5分,9小时58分,,中午12点来的工位，下午做图，晚上九点半来做了3小时图,晚上和礼邵博、张翔、徐杨去吃扬名广场附近吃生蚝了,69.2,22.5,,
395,2024/6/11,周二,7小时31分,9小时14分,,下午2点来的，搞项目文件打印，晚上9点半来做了3小时图,晚上游泳课,69.35,22.5,,
396,2024/6/12,周三,10小时40分,9小时7分,,下午去办护照，下午4点开始干活，做图,晚上和徐杨、张翔吃老番客了,69.05,22.4,,
397,2024/6/13,周四,6小时24分,9小时59分,,下午拿票，听六级听力，挂一个算例，晚上也是听力和修正算例；凌晨搞了2h机械设计,晚上吃了汉堡王,68.65,22.1,,
398,2024/6/14,周五,7小时4分,3小时36分,,早上九点开始到晚上8点都在搞机械设计，后面背了一下单词,,68.65,22.2,,
399,2024/6/15,周六,4小时45分,,,下午考了六级；晚上挂了多圆多三角形算例,,68.3,22,,
400,2024/6/16,周日,11小时21分,11小时15分,,下午5点才来，晚上又做了一下case,晚上去听音乐会了,68.3,22,,
401,2024/6/17,周一,7小时21分,,,下午一点来的，画case，四点云泊面试；晚上完成TODOlist,,68.65,22.2,,
402,2024/6/18,周二,6小时31分,,,下午搬宿舍了；晚上看论文并搞Schardin Problem的图,凌晨请彭统帅、王冠天、管祥善吃了阿瓦提烧烤,68.2,22.2,,
403,2024/6/19,周三,4小时55分,7小时31分,,下午办理退宿，四点来工位,晚上跆拳道送旧团建,68.2,22.2,,
404,2024/6/20,周四,9小时9分,4小时55分,,下午2点半来工位把结构网格的精度测试搞定了,中午和王旺广、陈子峰吃港湾一号的东北菜了；晚上自己吃汉堡王了,67.35,21.7,,
405,2024/6/21,周五,7小时15分,7小时46分,,上24届毕业合影；搞todolist；中午睡到下午5点,中午和彭统帅、李骁吃湘味坊，晚上和王冠天、刘濮桢、陈占龙吃湘味坊然后在沙滩一起散步,,,,
406,2024/6/22,周六,5小时39分,9小时7分,,早上10点来看论文，下四点来看论文 晚上写论文,晚上和彭统帅武成龙张翔在宿舍吃牛肉，凌晨和彭统帅、武成龙、王冠天吃阿瓦提烧烤,68.5,22,,
407,2024/6/23,周日,5小时36分,9小时0分,,下午2.30来搞论文；晚上搞论文和TODOlist,,68.05,22,,
408,2024/6/24,周一,5小时57分,8小时5分,,中午12点来的工位，下午和晚上都在弄中题报告,,67.45,21.8,,
409,2024/6/25,周二,9小时47分,5小时52分,,早上十点来的工位，检查机械设计作业,晚上吃了重庆小面的小炒,67.65,21.7,,
410,2024/6/26,周三,7小时9分,7小时27分,,中午12点来的工位，下午和晚上都在弄中题报告,,67.85,22.1,,
411,2024/6/27,周四,5小时55分,8小时24分,,中午开题报告，下午晚上收拾东西,,68.25,22,,
412,2024/6/28,周五,6小时18分,7小时38分,,早上联系了一下机械设计收拾东西，下午机械设计，6点顺风车回家,,68.25,22,,
413,2024/6/29,周六,13小时59分,5小时50分,,待家里下午四点半做打车坐地铁去北京西,,,,,
414,2024/6/30,周日,6小时19分,,,早上6点动车卧铺到北京西，然后地铁到林萃桥，然后签租房和合同，采购,下午晚上和吕昊阳一起逛了什刹海鼓楼大街，吃了一个东北菜,,,,
415,2024/7/1,周一,8小时37分,4小时36分,早上五点起的,8点多到公司，九点上班下午六点半下班回家躺着,,,,,
416,2024/7/2,周二,7小时19分,7小时51分,早上七点起的，,8点多到公司，九点上班下午七点半下班回家；晚上写论文,,,,,
417,2024/7/3,周三,7小时2分,8小时13分,早上7点多起的，,8点多到公司吃早餐；中午午觉；,,,,,
418,2024/7/4,周四,7小时33分,7小时8分,早上六点多起的，,8点多到公司吃早餐；中午没没睡午觉；晚上写论文,,,,,
419,2024/7/5,周五,7小时56分,7小时0分,早上6点多起的，,8点多到公司吃早餐；中午午睡，下午下班，7点半回家,,,,,
420,2024/7/6,周六,11小时33分,8小时54分,早上6点多起上厕所然后睡到11点,,中午外面吃KFC然后去了国贸附近逛了逛,,,,
421,2024/7/7,周日,8小时34分,5小时56分,早上6点多起，,玩手机；,中午下午和吕昊阳一起去长城玩，晚上朱辛庄吃了饭,,,,
422,2024/7/8,周一,7小时14分,6小时8分,早上6点多起，,玩手机；中午午睡，晚上加8点半回家,,,,,
423,2024/7/9,周二,6小时11分,8小时24分,早上7点起的，,中午午睡，晚上9点回家,,,,,
424,2024/7/10,周三,5小时38分,8小时36分,早上6点起的,玩了会又睡到了8点半，40分到公司中午午睡，晚上10点半回家,,,,,
425,2024/7/11,周四,8小时15分,7小时41分,早上6点起的，,中午午睡，又睡了一会到7点；中午午睡;晚上7点走，晚上理发,,,,,
426,2024/7/12,周五,8小时12分,8小时36分,早上7点起的，,中午午睡到2点半，晚上7点半回家,,,,,
427,2024/7/13,周六,,8小时11分,早上11点醒，,晚上2点睡的，,下午来吃个达美乐去了国家图书馆看《水下爆炸》；晚上和青藤认识的吃了么哈；然后自己去奥森公园逛了逛,,,,
428,2024/7/14,周日,6小时42分,9小时48分,,玩手机到下午五点，然后摆好了衣服架；晚上点了外卖，看了会书,,,,,
429,2024/7/15,周一,4小时6分,6小时39分,早上8点起，,中午午睡，晚上9.30走的,,,,,
430,2024/7/16,周二,10小时15分,8小时48分,早上7点起，,中午午睡，晚上10点回,,,,,
431,2024/7/17,周三,7小时55分,6小时2分,早上7点起，,中午午睡，晚上拆电脑9.30点回,,,,,
432,2024/7/18,周四,7小时40分,7小时21分,早上7点起 ,装电脑，中午午睡，晚上8点回,,,,,
433,2024/7/19,周五,10小时18分,,早上8点半起，,早上去华为官方维修，中午午睡，晚上9点回家,,,,,
434,2024/7/20,周六,9小时30分,6小时17分,早上8点半起，,,中午去昌平合生汇和吕昊阳吃饭；下午回来，晚上跑步,,,,
435,2024/7/21,周日,7小时35分,4小时54分,早上8点半起的，,11点来公司， 中午午睡,晚上8点回，回去跑步,,,,
436,2024/7/22,周一,,6小时55分,早上8点半起的，,中午睡的，,晚上8点回，回去跑步,,,,
437,2024/7/23,周二,7小时37分,7小时37分,早上8点半起的，,中午睡觉，晚上9点回,,,,,
438,2024/7/24,周三,7小时50分,7小时13分,早上8点半起的，,中午睡觉，晚上7点半回的,,,,,
439,2024/7/25,周四,8小时47分,8小时27分,早上8点半起的，,中午睡觉，晚上8点回的,,,,,
440,2024/7/26,周五,7小时21分,8小时21分,早上8点半起的，,中午睡觉，晚上6点40回的,晚上跑步5km,,,,
441,2024/7/27,周六,13小时35分,9小时30分,早上8点半起的，,躺床上玩手机睡大觉，晚上6点开始坐起来干活，但是也没动,,,,,
442,2024/7/28,周日,12小时36分,6小时4分,早上9点起的，,啥也没干到下午5点，后搞了会代码,晚上跑步5km,,,,
443,2024/7/29,周一,8小时25分,6小时8分,早上8点半起的，,中午午睡，晚上8点回的，,晚上跑步5km,,,,
444,2024/7/30,周二,9小时12分,7小时34分,早上8点半起的；,十点开会；晚上7点半回的，玩手机到11点多洗澡然后又躺床上玩手机,,,,,
445,2024/7/31,周三,14小时10分,7小时53分,早上9点半起的；,躺床上玩手机看书做ppt；,晚上7点去跑步5km，回来拉伸,,,,
446,2024/8/1,周四,7小时35分,7小时57分,早上8点半起的；,中午午觉；晚上7点40下班回家；10点继续搞ppt,8点跑步5km洗漱完10点，继续搞ppt,,,,
447,2024/8/2,周五,7小时59分,7小时0分,早上8点半起的；,中午午觉；晚上7点40下班回家；10点继续搞ppt,,,,,
448,2024/8/3,周六,9小时,2小时7分,,,凌晨飞新加坡，上午入住后去新国立，下午报到注册，晚上去牛车水吃了新加坡油鸡，晚上barfront看烟花,,,,
449,2024/8/4,周日,7小时41分,8小时14分,,,早上大会，下午听了会，回去睡觉，晚上去芽笼看了看,,,,
450,2024/8/5,周一,8小时8分,7小时14分,,,上午起得晚，下午听报告，晚上晚宴,,,,
451,2024/8/6,周二,7小时53分,5小时51分,,,上午作报告，下午去了新加坡博物馆、小印度，,,,,
452,2024/8/7,周三,8小时31分,7小时10分,,,早上退房，去新加坡植物园，樟宜机场回国,,,,
453,2024/8/8,周四,8小时54分,7小时48分,早上八点半起床；,中午午睡；晚上7点半回家,晚上跑步5km，回来玩手机到11点。,,,,
454,2024/8/9,周五,4小时39分,7小时35分,早上8点50起床；,中午午睡；晚上11点半回家,,,,,
455,2024/8/10,周六,7小时,9小时46分,早上8点30起床；,中午午睡；晚上8点半回家；,然后走了5km左右；跑了5km；感觉跑崩了；没休息好。,,,,
456,2024/8/11,周日,8小时42分,7小时17分,早上8点半起床；,中午午睡；晚上7点半回家；,跑步5km玩手机到10点多洗澡躺床上。,,,,
457,2024/8/12,周一,6小时40分,8小时26分,早上8点40多起床；,中午午睡；晚上6.30下班，,晚上和实习同事杨帅、陈汇焓、王亦平一起在永泰庄吃了湘菜,,,,
458,2024/8/13,周二,7小时32分,,早上9点40多起床，,中午午睡；晚上6.30下班，,晚上吃KFC，然后跑了5km,,,,
459,2024/8/14,周三,7小时5分,8小时28分,早上9点多起床，,中午午睡；晚上7点下班回家,晚上吃kfc和饺子，孙博请的；跑5km,,,吃云道智造食堂的面会容易拉肚子,
460,2024/8/15,周四,6小时25分,8小时12分,早上8点多起床，,9点多到公司；中午午睡；晚上8点下班回家,晚上吃了米粉，孙博请的；跑5km,,,,
461,2024/8/16,周五,6小时52分,7小时24分,早上8点多起床，,9点多到公司；午睡；晚上6.30下班,晚上杨轩博士请我和杨帅、陈汇焓吃饭,,,,
462,2024/8/17,周六,13小时20分,7小时59分,早上10点多起床，,中午吃kfc，下午在家,,,,,
463,2024/8/18,周日,12小时20分,8小时47分,早上10点起床，,一直在房间里 ，下午搞了一下礼绍博代码；晚上吃kfc,晚上跑5km，,,,,
464,2024/8/19,周一,8小时37分,6小时41分,早上8点半起床,上班，中午没有午睡，晚上7点多下班回家,,,,,
465,2024/8/20,周二,7小时43分,7小时45分,早上8点半起床,上班，中午没有午睡，晚上7点多下班回家,,,,,
466,2024/8/21,周三,8小时41分,7小时29分,早上8点起床,，上班，中午午睡，晚上7点半下班回家,,,,,
467,2024/8/22,周四,8小时16分,8小时20分,早上8点半起床,上班，中午午睡，晚上7点半下班回家,,,,,
468,2024/8/23,周五,7小时52分,8小时27分,早上8点半起床上班，,中午午睡，晚上7点半下班回家,,,,,
469,2024/8/24,周六,7小时15分,7小时17分,早上10点多起床,,和李金光一起去清华玉树和杨帅、陈汇焓吃饭了，下午逛了颐和园，晚上吃了KFC，用了1小时按摩椅,,,,
470,2024/8/25,周日,12小时49分,6小时53分,早上8点多起床,,中午万驰恒请吃了和牛自助；下午回来睡觉，玩手机,,,,
471,2024/8/26,周一,7小时56分,8小时5分,早上8点半起床,上班，中午午睡，晚上7点半下班回家,跑步5km，玩手机,,,,
472,2024/8/27,周二,7小时45分,7小时27分,早上8点半起床,上班，中午午睡，晚上8点下班回家,跑步5km，玩手机,,,,
473,2024/8/28,周三,5小时13分,8小时10分,早上8点起床,收拾东西，9点上班，中午午睡，下午直播后办离职收拾东西，晚上8点北京西站火车,,,,,
474,2024/8/29,周四,8小时27分,6小时18分,早上10点多起床；,一直在火车上；晚上6点到广州白云站,晚上8点回到家吃饭,,,,
475,2024/8/30,周五,6小时16分,,早上8点多起床，,把衣服都用压缩袋收纳衣服,,,,,
476,2024/8/31,周六,7小时28分,7小时8分,,,在家休息下午顺风车去学校了3h,,,,
477,2024/9/1,周日,6小时55分,7小时36分,早上8点半起床，,9点到工位；,晚上和张翔、徐杨吃了kfc,,,,
478,2024/9/2,周一,8小时26分,8小时49分,早上9点起床，,9点半到工位；中午午睡；,晚上练腹肌撕裂者和跑步5km,70.65,23.5,,
479,2024/9/3,周二,9小时25分,9小时45分,早上10点起床，,一直在房间里 ；中午午睡；晚上干到12点多才走，,晚上练腹肌撕裂者,70.65,23.2,,
480,2024/9/4,周三,9小时36分,6小时53分,早上9点起，,10点多到工位；中午午睡；晚上干到8点半,晚上请王冠天、彭统帅、礼绍博吃铁锅炖了；跑步5km,70.9,23.4,,
481,2024/9/5,周四,10小时5分,9小时22分,早上10点醒，,一直玩手机到11点多才起床；中午午睡；,晚上练 Keep K2课程《暴爽练腹·9分钟腹肌初显·酸爽级别》,71.2,23.6,,
482,2024/9/6,周五,9小时36分,7小时11分,早上9点起的，,9点半开始干活；中午午睡；,晚上练 Keep K3课程《暴爽练腹·9分钟巧克力腹肌·酸爽级别》,71.35,23.6,,
483,2024/9/7,周六,5小时56分,7小时53分,2.23睡的9.47醒，,10点半到工位；中午午睡；,晚上小金勺课题组团建，力量训练,71,23.5,晚上睡觉拉麻了，拉了四次,
484,2024/9/8,周日,6小时56分,8小时23分,早上11点醒，,中午午睡到四点,晚上跑步5km，力量训练,70.65,23.4,,
485,2024/9/9,周一,8小时33分,,早上9点起的，,10点到工位；,力量训练,70.85,23.5,,
486,2024/9/10,周二,6小时31分,6小时21分,早上8点半起的，,9点到工位；,晚上跑步5km，力量训练,71,23.6,,
487,2024/9/11,周三,4小时24分,8小时55分,早上9点20起的，,10点到工位；中午午睡；下午面试；,晚上和彭统帅、武成龙、李骁、陈占龙、黎文浩吃了老铁干锅；晚上游泳,70.75,23.4,,
488,2024/9/12,周四,8小时16分,7小时8分,早上9点起的；,9点半到工位；中午午睡没睡着；下午理发,中午和彭统帅、陈占龙吃了汉堡王，力量训练,71.2,23.6,,
489,2024/9/13,周五,7小时47分,8小时42分,早上9点起的，,比亚迪电话面试；10点到工位；中午午睡；,晚上吃的唐家豌杂面，力量训练,,,,
490,2024/9/14,周六,8小时4分,6小时49分,早上10点起的，,躺床上玩手机，中午没午睡；1点多到工位；下午OPPO面试,中午和彭伟智吃食堂；半夜和武成龙、彭统帅、汪煜颧、徐杨吃阿瓦提,70.65,23.4,上午4点拉了,
491,2024/9/15,周日,7小时59分,7小时42分,早上九点起的，,10点到工位；中午午睡；,晚上和孙一暄吃了宝龙城的椰子鸡、去了会同古镇,71.2,23.6,,
492,2024/9/16,周一,8小时38分,,早上8点半起的，,9点半到工位；中午没睡着,晚上和张翔、彭统帅、刘濮桢、徐杨、武成龙吃孔一凡饺子；力量训练、跑5km,,,,
493,2024/9/17,周二,7小时47分,4小时41分,早上6点半起的，,9点半到工位；中午没睡着；,晚上和孙一暄去城市广场吃了KFC,70.45,23.4,中午和下午都拉了一次；应该是早上烧麦,
494,2024/9/18,周三,8小时45分,7小时27分,早上9点起的，,10点到工位；中午没睡着；,晚上跑步5km,70.55,23.3,,
495,2024/9/19,周四,7小时20分,8小时33分,早上9点半起的，,10点到工位；,下午力量训练,,,,
496,2024/9/20,周五,5小时41分,7小时6分,早上9点半起的，,去听比亚迪宣讲会，中午午睡；下午准备奖学金资料,晚上吃哈尔滨烧烤给绍博送行,70.55,23.1,,
497,2024/9/21,周六,6小时10分,7小时57分,早上9点半起的，,10点到工位；中午午睡；,上午看了校医，下午宝龙城kfc吃了孙一暄做的饺子，然后去红树林，接着就是野狸岛散步,71.3,23.8,,
498,2024/9/22,周日,8小时15分,8小时38分,早上9点半起的，,10点到工位；中午午睡；,,71.3,23.6,上午9点正常拉；上午11点拉得一般般,
499,2024/9/23,周一,7小时16分,7小时48分,早上8点半起的，,9点半到工位；中午午睡；,晚上和李骁、陈占龙、黎文浩、管祥善、刘璞桢吃了老番客、力量训练,,,,
500,2024/9/24,周二,10小时12分,7小时44分,早上9点起的，,9点半到工位；中午午睡；,晚上力量训练,70.35,23.3,拉得好,
501,2024/9/25,周三,5小时28分,8小时44分,早上8点20起的，,9点到工位；中午午睡；,晚上和李骁、陈占龙、武成龙、王冠天吃了老铁干锅,71.2,23.8,拉得好,
502,2024/9/26,周四,8小时35分,6小时12分,早上9点起的，,10点到工位；中午午睡；,晚上和孙一暄吃哈尔滨烧烤,71.2,23.6,拉得好,
503,2024/9/27,周五,6小时47分,8小时23分,早上9点起的，,10点半到工位；中午午睡；,中午和彭老师、彭统帅吃了诸葛烤鱼；晚上和彭统帅、李骁、陈占龙、刘濮祯、黎文浩、吴睿麟一起吃了伟记,71.35,23.9,上午11点拉得好；下午2点前面好后面拉,
504,2024/9/28,周六,7小时33分,7小时57分,早上9点起的，,9点37到工位；中午午睡；,晚上去找孙一暄散步去了,71.7,23.9,早上拉得好；中午拉得好，但不是特别粗,
505,2024/9/29,周日,7小时56分,9小时6分,早上10点起的；,中午没睡；下午2点到工位；,晚上和李骁、黎文浩、吴诗贤吃了麦当劳,,,中午拉得好,
506,2024/9/30,周一,9小时16分,6小时7分,早上10点起的，,12点半到工位；中午午睡；,下午去医院看眼睛了；早上力量训练；,71,23.7,中午拉得好，但是后一半稀了,
507,2024/10/1,周二,12小时12分,9小时24分,早上10点起的；,玩；中午午睡；,宅；晚上力量训练,71,23.7,拉得好；,
508,2024/10/2,周三,11小时15分,8小时30分,早上9点50起的；,中午午睡；,宅；晚上力量训练,71.3,23.9,,
509,2024/10/3,周四,10小时18分,7小时52分,早上9.43起的；,中午午睡；下午4点到工位；,晚上吃了汉堡王；晚上力量训练；,71.3,23.8,拉得好,
510,2024/10/4,周五,10小时57分,7小时33分,早上8.48起的；,9.24到工位；中午午睡；,中午和管祥善吃了汉堡王；,,,上午拉得好；中午拉得一般般，就是不是特别好的那种；晚上拉了，应该是凉着了？,
511,2024/10/5,周六,7小时26分,7小时52分,早上8.14醒,8.45到工位；,晚上和张翔、汪昱全吃了麦当劳,71.45,24.1,上午也拉了，,
512,2024/10/6,周日,8小时23分,8小时57分,早上8.18醒,9.32又睡到11.12；1点到工位；,晚上力量训练;跑5km,71.2,24,中午拉得好；晚上拉了,
513,2024/10/7,周一,4小时42分,9小时37分,早上9.32醒,10.01到工位；,晚上和王冠天吃了汉堡王；和李骁去游泳；去珠海站接孙一暄，回来她请吃了份炒粉,71.2,23.8,中午拉了；晚上回来拉了，类似于喷射,
514,2024/10/8,周二,6小时18分,8小时29分,早上11.11醒,12.45到工位,晚上跑5km，,72,24.1,中午拉了，,
515,2024/10/9,周三,5小时9分,8小时6分,早上10.28醒,12.20到工位；,晚上和李骁、王冠天、陈占龙、刘濮祯吃老铁干锅；力量训练,71.6,23.9,早上拉得好；下午拉得一般般；晚上拉得好,
516,2024/10/10,周四,8小时40分,7小时36分,早上8.26醒,9点面试；9.47到工位；,晚上和王冠天、彭统帅、陈占龙、刘璞祯、黄伟培吃了湘味坊；跑步5km；和黎文浩、李骁、彭统帅去唐家吃了砂锅粥,,,早上拉得非常好；,
517,2024/10/11,周五,6小时58分,7小时35分,早上10.16醒,中午午睡；下午3.45到工位；,晚上和实验室同学吃了利和源牛肉火锅，好贵；跑5km；,72.15,24.2,早上拉得好；,
518,2024/10/12,周六,7小时57分,9小时5分,早上10.37醒,中午睡觉；没去工位；,玩；下午去医院做睑板腺按摩；晚上和孙一暄吃了港湾一号的烤肉；,72.05,24.1,一天都拉得好,
519,2024/10/13,周日,7小时55分,8小时3分,早上10.02醒,中午午睡；下午2.25到工位,晚上跆拳道训练；跑步5km,72.15,24.1,上午拉得好,
520,2024/10/14,周一,5小时,7小时46分,早上9.40醒,11.45到工位；和彭玉祥老师出差,晚上机场吃了点；,71.85,24,早上拉得好；晚上拉得好,
521,2024/10/15,周二,5小时35分,5小时1分,早上7.59醒,和彭玉祥老师出差；,早上酒店早餐；星巴克；,,,早上拉得好；11点多拉了。,
522,2024/10/16,周三,6小时46分,8小时1分,早上9.02醒,早上补了觉和彭玉祥老师出差；,早上酒店早餐；中午吃鳖精烤鸭；晚上吃机场。,,,晚上拉肚子；,
523,2024/10/17,周四,5小时42分,7小时14分,早上10.20醒,1.10到工位；,晚上吃的会议茶歇,72.45,24.3,,
524,2024/10/18,周五,7小时30分,4小时27分,早上6.39醒,干会议班车接送活；,晚上吃的会议茶歇有饮料；晚上跆拳道,72.35,24.3,早上拉得好，下午拉了,
525,2024/10/19,周六,4小时15分,9小时2分,,参加会议,下午校园mini马拉松；晚上和孙一暄到中山公园走了走,71.65,24,早上拉了，中午拉了,
526,2024/10/20,周日,8小时39分,,,参加会议,晚上吃若海自助餐、晚上和孙一暄逛了逛校园,71.65,23.7,上午拉得好,
527,2024/10/21,周一,7小时44分,7小时35分,早上9.11醒,10点到工位；,中午和彭统帅吃了汉堡王,72.4,24.2,,
528,2024/10/22,周二,3小时39分,9小时43分,早上8.58醒,9.46到工位；,中午和彭统帅吃了汉堡王；晚上和彭统帅、张研遥、黄伟培吃了缓归，晚上过来找孙一暄。,71.75,23.9,中午拉的好，晚上一点点一般般,
529,2024/10/23,周三,5小时,,早上9点睡的，下午4点醒,晚上6.40到工位,晚上力量训练,71.25,23.6,早上拉得好，下午4点拉了。,
530,2024/10/24,周四,4小时46分,7小时41分,早上7.34醒,,晚上和彭统帅、黎文浩、李骁、黄伟培吃了砂锅粥；晚上5km；去找孙一暄,71.25,23.9,早起拉得很好；中午拉得好；,
531,2024/10/25,周五,5小时37分,4小时44分,下午2.21醒,下午3.30到工位；,晚上和徐杨、张翔、管祥善、刘璞祯吃了汉堡王；然后和徐杨去跆拳道训练,71.05,23.7,早上拉得非常好；晚上7点20多拉了,
532,2024/10/26,周六,5小时29分,6小时21分,早上8.10醒,早上9.58到工位；中午午睡；,晚上和孙一暄去华发商都吃了蛙；,71.25,23.6,早上拉得非常好；,
533,2024/10/27,周日,1小时8分,6小时37分,,,和孙一暄在她家吃了kfc,,,中午拉得好；,
534,2024/10/28,周一,5小时1分,,早上7.45醒,10.10到实验室；一楼实验室干活；中午午睡；下午继续干活,中午和彭玉祥老师、彭统帅、工人吃了老番客；晚上和彭统帅吃了汉堡王,,,早上拉得好；晚上拉得一般般,
535,2024/10/29,周二,5小时41分,10小时4分,早上9.04醒,9.50到工位；中午午睡；,晚上跑步5km；,72.35,24.3,,
536,2024/10/30,周三,6小时30分,8小时45分,早上8.53醒,9.25到工位；,晚上和李骁、彭统帅、黎文浩吃了老铁干锅，喝了很多雪碧,71.5,23.9,早上拉得好；中午拉得好；晚上喷射,
537,2024/10/31,周四,10小时23分,7小时54分,早上8.56醒,9.52到工位；,晚上跑步5km；,72.35,24.3,中午拉得还可以；,
538,2024/11/1,周五,9小时20分,8小时17分,早上9.59醒,晚上7点到工位；晚上8点去水池；,晚上和李骁吃汉堡王,71.85,24,中午拉得好；下午拉得好,
539,2024/11/2,周六,8小时26分,8小时7分,早上9.39醒,10.27到实验室；中午午睡；,中文晚上汉堡王；,71.5,23.9,中午拉得好；下午拉得好,
540,2024/11/3,周日,5小时40分,8小时51分,早上10.54醒,中午1.10到工位；,中午吃汉堡王；晚上团建烧烤橙汁；晚上和孙一暄在唐家逛了逛,71.2,23.8,中午拉得好；下午拉得好；晚上回来喷射了,
541,2024/11/4,周一,8小时5分,10小时4分,早上10.50醒,中午2.00到工位；,中午汉堡王；晚上汉堡王,70.9,22.3,早上拉得一般般,
542,2024/11/5,周二,7小时7分,4小时35分,早上7.31醒,去深圳找王家睿申博面试,中午王家睿请吃饭；下午深大找马锦婷；晚上和伍铭尚吃烤鱼。,71.2,23.9,早上拉得一般般,
543,2024/11/6,周三,7小时9分,9小时15分,早上9.31醒,10.00到工位；,中午和黎文浩、彭统帅吃面；晚上和彭统帅、李骁、王冠天吃老番客,71.95,24.2,早上拉得一般般,
544,2024/11/7,周四,10小时36分,8小时29分,早上7.49醒,没去实验室,晚上和孙一暄吃了雷州羊肉,71.45,24,晚上拉得一般般,
545,2024/11/8,周五,7小时24分,6小时8分,下午2.09醒,,晚上和孙一暄吃了KFC,71.15,23.8,下午拉得一般般,
546,2024/11/9,周六,11小时11分,8小时12分,下午12.17醒,下午1.39到工位；,晚上和王冠天、彭统帅吃了湘味坊,71.25,23.6,,
547,2024/11/10,周日,10小时9分,9小时17分,早上10.54醒,,,71.55,23.7,早上拉得还可以,
548,2024/11/11,周一,5小时18分,7小时40分,早上10.35醒,中午12.30到工位；,中午吃了西北隆的红烧牛肉面；晚上和黎文浩、彭统帅吃了汉堡王,,,早上拉得好；中午有点拉肚子；,
549,2024/11/12,周二,10小时9分,7小时57分,早上10.12醒,10.59到工位；,中午和冠天吃了若海自选；晚上自己吃了汉堡王+三包辣条,,,早上拉了；中午也拉了；,
550,2024/11/13,周三,10小时1分,,早上8.38醒,9.00到实验室；,中午和彭统帅、李骁吃了哒哒面；晚上和彭统帅、李骁、黎文浩一起吃了老铁干锅，有喝橙汁,,,早上拉了；中午也拉了；晚上直接喷射,
551,2024/11/14,周四,8小时41分,9小时48分,早上10.31醒,中午午睡；下午2.55到工位；,中午吃饭堂；晚上吃了辣条，喝可乐晚上3点没睡,72.3,24.2,早上拉了；,
552,2024/11/15,周五,7小时40分,6小时0分,,下午高铁去武汉,晚上和徐杨、陈占龙、彭统帅吃了小民大排档,72.2,24.3,拉了,
553,2024/11/16,周六,7小时4分,5小时15分,,开会,晚上晚宴,,,凌晨2点拉了,
554,2024/11/17,周日,6小时52分,6小时21分,,早上分会场报告,中午去找表弟玩了；晚上和陈占龙、彭统帅吃了光谷步行街的丑小弟大排档；晚上按摩,,,拉了,
555,2024/11/18,周一,7小时18分,3小时48分,,玩,和陈占龙、彭统帅中午吃了自助烧烤、傍晚去黄鹤楼吃了热干面,71.75,24.3,拉了,
556,2024/11/19,周二,5小时38分,9小时54分,,下午3.20到工位；,晚上和彭统帅、管祥善吃汉堡王,71.75,24.3,下午2点拉了,
557,2024/11/20,周三,11小时9分,,,玩；中午午睡；下午4.00开始干活；晚上6.40到工位,中午晚上饭堂,71.75,24.2,晚上拉得好,
558,2024/11/21,周四,6小时8分,6小时11分,9.42醒,10.27到工位；,中午和彭玉祥老师、彭统帅吃了哒哒面；晚上吃了汉堡王；晚上找孙一暄；,71.75,24.2,下午一半拉得好，下一半拉了；晚上拉了,
559,2024/11/22,周五,5小时49分,9小时58分,早上7.51醒,玩；中午午睡；下午1.47醒,中午没吃晚上练跆拳道；晚上找孙一暄；,,,晚上拉了,
560,2024/11/23,周六,4小时2分,6小时57分,早上8.12醒,玩；中午午睡；,中午随便吃了点；晚上和孙一暄去山姆了，吃了烤全鸡,,,晚上拉得好,
561,2024/11/24,周日,2小时57分,7小时55分,早上8.55醒,玩；中午午睡；下午3.30干活,早上吃的辣的零食；中午吃的塔斯汀；,,,早上拉得好；中午拉得好；12点和3点都拉了，但是不是喷射那种,
562,2024/11/25,周一,8小时21分,8小时21分,早上9.52醒,玩；下午1.30到工位；,晚上和李骁、彭统帅吃的瑾园，我吃的小炒；,73.55,24.7,早上拉得好；晚上 拉得好,
563,2024/11/26,周二,9小时32分,9小时58分,早上11.40醒,玩；下午4.08开始干活,中午吃的零食；晚上吃的瑾园小炒；晚上孙一暄过来了,72.85,24.5,早上拉得好，但是后一半有点不硬，大概率是昨天晚上的辣牛肉；晚上拉得非常好,
564,2024/11/27,周三,7小时34分,7小时49分,中午1.01醒 ,3.35到工位；,中午吃的瑾园派乐汉堡；晚上瑾园小炒,,,早上前面拉得好，后面拉了，可能是凉着仔了；晚上拉得好,
565,2024/11/28,周四,10小时11分,7小时39分,早上10.52醒,中午午睡；下午3.40到工位；,中午吃的瑾园小炒；晚上和彭统帅、王冠天、黄伟培吃了湘味坊,,,早上拉得还行,
566,2024/11/29,周五,7小时51分,8小时5分,早上11.37醒,中午12.58到工位；,中午瑾园小炒，晚上和孙一暄吃楼下湘菜,73.9,25.2,早上拉得很好；下午拉得一般般,
567,2024/11/30,周六,5小时16分,9小时20分,早上11.21醒,下午1.18到工位；,中午瑾园小炒；晚上王冠天请我和彭统帅、李骁吃老铁干锅,,,,
568,2024/12/1,周日,5小时51分,6小时50分,早上8.51醒,9.45到工位；,中午和陈鉴、范书吃饭；晚上吃的唐家的豌杂面；晚上去孙一暄那,,,早上拉得很好；,
569,2024/12/2,周一,8小时2分,9小时59分,早上9.38醒,早上10点面试；,下午在孙一暄那吃的kfc,,,还行,
570,2024/12/3,周二,11小时27分,6小时46分,早上9.11醒,,下午回来，在711吃了关东煮；,,,还行,
571,2024/12/4,周三,12小时3分,7小时36分,早上10.32醒,博士去向摆烂；晚上面试；,,74.05,25.4,还行,
572,2024/12/5,周四,12小时5分,7小时54分,早上11.43醒,博士去向摆烂,中午瑾园小炒；晚上吃了螺蛳粉和板栗；,73.55,25.3,还行,
573,2024/12/6,周五,5小时49分,7小时27分,早上10.6醒,博士去向摆烂,晚上瑾园小炒,73.35,25.2,还行,
574,2024/12/7,周六,6小时11分,5小时25分,早上9.29醒,博士去向摆烂,晚上瑾园小炒,72.85,25,还行,
575,2024/12/8,周日,4小时15分,,,博士去向摆烂,晚上跆拳道,72.65,25,还行,
576,2024/12/9,周一,4小时54分,7小时10分,中午1.18醒,博士去向摆烂,晚上吃的汉堡王,72.75,24.9,中午拉得还行；晚上拉了,
577,2024/12/10,周二,7小时46分,7小时26分,中午11.58醒,下午1.10到工位；,中午吃的瑾园小炒+饮料；晚上吃的荔园自选；晚上去找孙一暄,,,中午拉了,
578,2024/12/11,周三,9小时42分,10小时8分,中午12.36醒,下午4.00到工位；,吃了点零食；,,,拉得好,
579,2024/12/12,周四,12小时21分,8小时58分,中午1.30醒,下午3.30到工位；,下午吃了711关东煮；晚上吃了瑾园辣子鸡,72.35,24.8,拉了,
580,2024/12/13,周五,13小时19分,6小时31分,中午1.25醒,,晚上瑾园小炒；晚上跆拳道考带；,72.6,24.8,,
581,2024/12/14,周六,11小时45分,6小时7分,中午2.04醒,,,,,,
582,2024/12/15,周日,7小时26分,6小时34分,中午12.16醒,1.13到工位；,中午瑾园，晚上吃牛肋条自助和王冠天、李骁、彭统帅一起,,,中午拉了,
583,2024/12/16,周一,10小时33分,6小时36分,中午12.21醒,中午1.00到工位；,晚上和徐杨、刘璞祯、管祥善、汪昱荃一起人才公寓试营业的重庆小面,72.8,25.2,中午拉了,
584,2024/12/17,周二,8小时3分,5小时13分,早上6.06醒,出差,早上吃了汉堡王薯条、中午和彭老师吃探鱼、晚上和彭老师按摩、KFC,73.3,25.2,,
585,2024/12/18,周三,7小时7分,6小时4分,早上11.01醒,出差,中午和彭老师吃了砂锅猪蹄；晚上和彭老师、李世海吃了二贵鲜捞；晚上吃KFC,,,晚上拉得好,
586,2024/12/19,周四,6小时1分,7小时30分,早上11.22醒,出差,中午和施文奎、彭老师在北大燕园吃饭；,,,,
587,2024/12/20,周五,9小时59分,6小时29分,早上6.58醒,中午出差回来；午睡,晚上吃的汉堡王；,,,,
588,2024/12/21,周六,5小时57分,7小时43分,下午1.50醒,收拾东西；,晚上和孙一暄吃港湾一号的孔一凡饺子,73,24.8,,
589,2024/12/22,周日,4小时11分,5小时57分,早上10.51醒,,下午和孙一暄去中山玩；吃了财神糖水铺和煲煲掂的乳鸽和煲仔饭,,,,
590,2024/12/23,周一,6小时50分,7小时25分,早上5.57醒,早上9.13到工位；中午午睡,中午吃的瑾园自选，晚上和黎文浩、彭统帅吃的木桶饭,,,,
591,2024/12/24,周二,10小时36分,7小时28分,早上10.37醒,中午午睡；,中午瑾园自选,74.5,25.9,拉得好,
592,2024/12/25,周三,1小时50分,8小时58分,早上11.59醒,中午午睡；下午4.10到工位,晚上瑾园自选,73.8,25.3,,
593,2024/12/26,周四,12小时46分,7小时34分,早上10.56醒,中午午睡；晚上组会,晚上瑾园小炒,75,25.9,,
594,2024/12/27,周五,9小时11分,8小时57分,中午12.37醒,,晚上跆拳道；训练完后满忆糖水,74.05,25.7,,
595,2024/12/28,周六,11小时49分,8小时,中午12.16醒,下午晚上进入心流状态都搞时间表了,中午汉堡王；晚上吃了山东卷饼,73.65,25.8,,
596,2024/12/29,周日,12小时53分,6小时21分,中午12.29醒,摆烂；晚上补了一觉；,下午吃了711关东煮；晚上吃了瑾园韩式炸鸡,73.9,26,,
597,2024/12/30,周一,9小时45分,7小时21分,中午12.05醒,下午1.30到工位；,,73.75,25.4,,
598,2024/12/31,周二,9小时20分,9小时1分,中午1.36醒,下午3.20到工位；,下午吃了711关东煮；晚上去广州找余梓宁、伍铭尚玩，去广州塔跨年了,73.6,25.6,,
599,2025/1/1,周三,9小时3分,5小时18分,早上8.57醒,玩,中午吃了点菜早茶；下午逛了南校园，然后岐关车回来；晚上吃瑾园三楼韩式炸鸡,,,晚上拉了,
600,2025/1/2,周四,10小时10分,7小时38分,中午12.12醒,下午1.20到工位,中午吃的瑾园小炒；晚上和李骁、黎文浩吃的唐家砂锅粥,,,早上拉了,
601,2025/1/3,周五,8小时13分,7小时17分,中午12.08醒,下午1.50到工位,中午吃的瑾园麻辣香锅；晚上没吃,,,,
602,2025/1/4,周六,7小时7分,6小时46分,中午11.56醒,下午1.36到工位,中午吃的瑾园牛肉粿条,73.25,25.2,,
603,2025/1/5,周日,6小时37分,7小时25分,中午12.49醒,玩,没吃饭，晚上和孙一暄在沙滩玩；晚上回来吃了烤冷面和零食,74.3,25.5,,
604,2025/1/6,周一,6小时30分,9小时26分,早上10.24醒,早上10.50到工位；中午午睡；下午3.10到工位,中午和黎文浩吃的瑾园自选，晚上吃零食,74.1,25.5,,
605,2025/1/7,周二,4小时34分,7小时32分,中午12.27醒,玩,吃零食,74.25,25.6,,
606,2025/1/8,周三,3小时57分,8小时30分,中午1.07醒,下午3.36到工位,吃零食,73.65,25.5,,
607,2025/1/9,周四,5小时,7小时44分,下午1.15醒,玩；搞cj,吃零食；晚上瑾园小炒,73.65,25.2,,
608,2025/1/10,周五,3小时35分,5小时46分,中午12.27醒,下午1.50到工位晚上10.30回,中午吃零食；晚上和李骁、彭统帅吃瑾园自选,73.3,26.2,拉得好,
609,2025/1/11,周六,3小时5分,8小时51分,下午1.28醒,下午3.45到工位；晚上11.50回,中午吃零食；晚上和李骁、彭统帅吃瑾园三楼小炒,73.9,25.3,拉得好,
610,2025/1/12,周日,5小时19分,8小时48分,中午12.20醒,下午1.39到工位；晚上9点睡了2个小时多,中午吃零食；晚上吃了两个包子一个糯米鸡,,,,
611,2025/1/13,周一,9小时17分,4小时59分,中午12.42醒,下午3.35到工位,中午没吃；晚上和黎文浩、李骁、彭统帅吃的唐家市场豌杂面；然后自己走了走晚上去藤野造型理发,74.15,25.9,,
612,2025/1/14,周二,4小时28分,5小时17分,早上7.28醒,玩；参加吕鸿冠婚礼,早上吃了鸡蛋肉包菜包；一起租车去揭阳，中午去揭阳吃了新合兴牛肉火锅；下午逛了景点，吃了咸鱼鸡翅；晚上开车到普宁，吕鸿冠请吃了鹅肉粿火锅；晚上按摩,74.05,25.8,早上拉了；应该是豌杂面的缘故；下午拉了；应该是早上或者牛肉火锅的沙茶酱的缘故,
613,2025/1/15,周三,3小时37分,5小时19分,早上7.43醒,玩；参加吕鸿冠婚礼,早上吃酒店早餐；然后开车到吕鸿冠家等他接新娘回来；然后到新阳东大酒楼吃席；下午开车去汕尾金町湾沙滩看海；晚上开车回来还车后到唐家砂锅粥吃。,,,,
614,2025/1/16,周四,4小时19分,8小时38分,中11.04醒,下午2.10到工位,中午吃荔园自选，取快递；晚上找孙一暄去雪园吃饭，然后走去了中山公园,75.5,26.4,拉得好,
615,2025/1/17,周五,6小时,7小时39分,12.14醒,下午1.42到工位,中午吃零食；晚上和彭统帅、黎文浩吃了老铁干锅,74.25,26.3,拉得好,
616,2025/1/18,周六,8小时40分,7小时,11.23醒,下午3.45到工位,中午吃零食；晚上吃汉堡王大嘴安格斯,74.1,25.8,拉得好,
617,2025/1/19,周日,10小时37分,,,下午2.55到工位,中午吃零食；晚上吃瑾园二楼自选,,,拉得好,
618,2025/1/20,周一,9小时53分,6小时12分,11.4,下午去续期驾驶证,下午吃了叉烧包；晚上吃了优特汇的遇见小面；花了200刮刮乐,73.8,25.6,,
619,2025/1/21,周二,6小时14分,6小时29分,11.08,下午1.04到工位,中午吃了瑾园一楼早餐；下午调试那个视频采集卡问题；和温度传感器刷机；晚上汉堡王,,,,
620,2025/1/22,周三,5小时13分,6小时29分,12.44,没去实验室,中午晚上没吃；晚上9点吃了炒粉、烤红薯和甜玉米；见孙一暄，在唐家走了走；在麦当劳吃了两份中薯条,73.8,25.4,,
621,2025/1/23,周四,3小时28分,8小时52分,1.35,下午4.20到工位,晚上和彭统帅、管祥善吃的汉堡王,,,,
622,2025/1/24,周五,6小时49分,3小时54分,早上5.50,出差；乘彭老师车去南校搞投标报名，晚上飞机飞北京住酒店,中午和彭老师吃的松涛园自选；晚上随吃了点薯片和飞机餐,73.6,25.6,,
623,2025/1/25,周六,4小时59分,9小时16分,10.36,出差；在酒店搞东西,中午吃的外卖，黄膘牛排；晚上吃的六里桥的KFC,,,中午拉得好,
624,2025/1/26,周日,6小时9分,4小时13分,8.01,出差；早上取商务和技术文件；下午首都机场坐飞机，晚上6点到长沙；打车晚上9点到老家,早上吃的亚朵x酒店的早餐；中午没吃；下午吃的酸菜鱼；飞机上吃的飞机小零食；晚上没吃；晚上回来坐桌上和爸妈、王敏、大伯母、王建斌聊天,,,拉得好,
625,2025/1/27,周一,6小时4分,,10.24,玩；,早上来了王敏和一个哥哥（勇哥）记不得了、来介绍她表妹，相亲，加了个微信；中午和爸妈吃饭；,,,拉得好,
626,2025/1/28,周二,4小时57分,10小时54分,11.00醒,玩；下午午睡；,除夕；中午在我们家吃饭，晚上在大伯家吃饭,,,拉得好,
627,2025/1/29,周三,4小时58分,5小时57分,7.52醒,玩；下午午睡；,大年初一，中午在我们家吃饭，晚上在大伯家吃饭,,,拉得好,
628,2025/1/30,周四,7小时1分,8小时15分,9.08醒,玩；,大年初二，早上取外婆家拜年吃午饭，给外公上坟；去了几个外公的弟弟家拜年；吃了晚饭后，爸妈吵架，然后回油炸塘，妈妈生气出走，我陪她，然后走了回来,,,拉得好,
629,2025/1/31,周五,10小时51分,10小时54人,10.57醒,玩；下午午睡；,大年初三；很生气，没起床，没出卧室；晚上吃了饭；搭顺风车去娄底南；住酒店,,,拉得好,
630,2025/2/1,周六,9小时51分,6小时58分,9.23醒,玩；晚上很emo；高铁上看了一下丘成桐自传,早上坐高铁，早上吃了几个好丽友；下午高铁上点了KFC;4点左右到宿舍；晚上吃了唐家的莴笋炒腊肉饭,,,拉得一般般,
631,2025/2/2,周日,,13小时20分,11.10醒,玩；下午午睡；整天都很emo,中午没吃；晚上吃的汉堡王,74.6,25.7,拉得一般般,
632,2025/2/3,周一,,5小时14分,11.24醒,下午1.32到工位,下午吃螺蛳粉；晚上吃回锅肉饭,74.65,25.7,中午拉了；晚上拉得一般般,
633,2025/2/4,周二,,9小时4分,11.37醒,玩；学习用大模型API,中午吃照烧鸡排滑蛋饭；晚上辣椒炒肉饭,74.55,26,早上拉得一般般；,
634,2025/2/5,周三,,6小时26分,12.47醒,玩；搞管理程序,中午莴笋腊肉饭；晚上和孙一暄去看封神2电影，吃了塔斯汀汉堡,74.2,25.9,拉得好,
635,2025/2/6,周四,,6小时57分,12.42醒,玩；搞管理程序,中午脆笋腊肉饭；晚上香干肉片饭,74.05,25.9,拉得好,
636,2025/2/7,周五,,8小时29分,12.30醒,玩；搞管理程序,中午农家一碗香饭；晚上香芋腊味煲仔饭,74.05,25.9,拉得好，吃完午饭后拉了一点点,
637,2025/2/8,周六,,4小时51分,9.59醒,玩；搞管理程序,中午没吃；晚上吃莴笋腊肉饭,74.55,27.1,拉得好,
638,2025/2/9,周日,,13小时41分,7.01醒,玩；下午午睡；搞管理程序,中午没吃；晚上和孙一暄吃的塔斯汀,,,拉得好,
639,2025/2/10,周一,9小时59分,6小时36分,12.59醒,下午3.10到工位，晚上搞了一下论文,中午没吃；下午吃了点辣条；晚上吃的鸡蛋灌饼和肉末毛豆粒饭,73.95,26,下午拉了，可能是昨天晚上吃了辣条和塔斯汀；晚上也拉了，可能是下午吃的辣条或者晚上吃的,
640,2025/2/11,周二,9小时59分,9小时4分,3.42醒,在宿舍搞论文,中午没吃；晚上和孙一暄吃的猪肚鸡；回来自己买了一袋板栗吃,,,晚上拉得好；,
641,2025/2/12,周三,7小时56分,8小时35分,2.09醒,下午2.30到工位；搞论文,中午没吃；下午吃了零食；晚上吃了莴笋腊肉饭外卖,73.6,25.8,凌晨4点拉，可能是酱料或者板栗,
642,2025/2/13,周四,,8小时25分,2.02醒,玩；emo；5点6点躺床上差不多睡着了；,中午没吃；晚上吃辣椒炒肉饭外卖,74.45,26,拉得好；下午3.30又拉了，可能是肚子着凉了,
643,2025/2/14,周五,,6小时42分,1.06醒,下午2.18到工位,中午没吃；晚上吃塔斯汀汉堡外卖,73.75,25.6,下午起床拉了，可能是昨天晚上的辣椒炒肉发等的原因或者是凉肚子、心情不好、吃了两包坚果,
644,2025/2/15,周六,,8小时57分,4.43醒,玩；晚上打王者,中午没吃；晚上莴笋腊肉饭外卖和塔斯汀烤翅,73.3,25.5,晚上吃完饭拉了,
645,2025/2/16,周日,,7小时58分,下午3.23醒,玩,中午没吃；晚上吃的烟笋腊肉饭+山东煎饼,,,晚上拉得一般般,
646,2025/2/17,周一,,7小时11分,下午3.31醒,凌晨打王者；下午4.10到工位；写标书,中午没吃；下午吃零食和蛋白粉；晚上和李骁、彭统帅、黎文浩吃老铁干锅,73.95,25.6,拉得好,
647,2025/2/18,周二,13小时42分,8小时57分,早上9.28睡，下午3.12醒；晚上7.00睡，晚上10.07醒,玩；晚上打王者,中午没吃；晚上吃的瘦肉鸡蛋炒粉,73.4,25.6,拉得好,
648,2025/2/19,周三,13小时21分,8小时22分,早上9.45睡，下午3.09醒；晚上8.19睡，晚上11.17醒,玩；晚上打王者,中午没吃；晚上吃的瘦肉鸡蛋炒粉和甜玉米,,,拉得好,
649,2025/2/20,周四,17小时31分,5小时29分,早上11.23睡；下午4.52醒,玩；晚上打王者,中午没吃；晚上吃的辣椒炒肉饭和山东煎饼,,,拉得好,
650,2025/2/21,周五,12小时33分,9小时30分,早上8.43睡；下午7.10醒,玩；晚上收拾整理东西,中午没吃；晚上吃的莴笋腊肉饭外卖和塔斯汀鸡翅外卖,73.3,25.1,拉得好,
651,2025/2/22,周六,11小时11分,5小时45分,早上11.23睡；下午5.08醒,玩；调整作息,中午没吃；晚上吃的莴笋腊肉饭外卖和鸡蛋瘦肉米线,73.15,25.4,,
652,2025/2/23,周日,12小时11分,9小时17分,晚上9.58睡，早上2.24醒；下午3.05睡，晚上7.41醒,玩；调整作息；下午搞3d打印吹风机支架模型；晚上搞管理程序,早上8.35吃的油条玉米早餐；中午没吃；晚上吃的酸辣鸡杂饭外卖和鸡蛋瘦肉河粉,73.3,25.5,,
653,2025/2/24,周一,5小时24分,8小时11分,早上6.20睡，早上10.12醒；下午2.02睡，下午6.21醒,玩；调整作息；中午搞管理程序；晚上7.40到工位,早上没吃；中午吃的莴笋腊肉饭；晚上吃的零食,73.95,25.7,拉得好,
654,2025/2/25,周二,9小时58分,6小时20分,早上5.39睡，8.31醒；下午3.08睡，晚上6.36醒,早上9.20到工位；搞3d打印；中午回去；晚上过来，实验室漏水，帮忙,早上吃了零食；晚上吃了瑾园自选,73.45,25.6,,
655,2025/2/26,周三,11小时12分,6小时25分,早上11.10睡，晚上17.36醒,凌晨弄3d打印建模；下午5.55到工位,早上没吃；中午没吃；晚上团队聚餐吃的一号渔村家宴,73.65,25.5,晚上回来拉了，应该是晚上的原因,
656,2025/2/27,周四,,4小时27分,早上9.28睡，下午13.55醒,凌晨弄3d打印建模；下午3.15到工位，弄3d打印,中午没吃；晚上吃的瑾园自选；晚上的时候姑妈说过来顺德了，我想回emo,73.8,25.5,,
657,2025/2/28,周五,,6小时55分,早上5.29睡，早上9.00醒；下午3.27睡，6.51醒,凌晨弄3d打印建模；早上10.01到工位；晚上弄3d打印建模；,中午吃瑾园牛肉粿条；,74,25.5,,
658,2025/3/1,周六,,9小时41分,早上8.06睡，下午5.47醒,玩；凌晨弄3d打印建模；晚上弄3d打印建模,晚上吃的莴笋腊肉饭外卖,,,,
659,2025/3/2,周日,11小时45分,9小时47分,早上8.37睡，18.29醒,玩；凌晨弄脸部对称性程序；晚上弄3d打印建模,晚上吃的莴笋腊肉饭外卖+鸡蛋瘦肉炒粉,,,拉得一般般,
660,2025/3/3,周一,,6小时58分,晚上23.53睡，早上3.23醒；下午14.24睡，下午17.52醒,早上7.24到工位；早上整实验室摄像头网络,早上吃了瑾园早餐；中午莴笋腊肉饭外卖；晚上鸡蛋瘦肉米线,,,,
661,2025/3/4,周二,,7小时59分,晚上22.25睡，凌晨2.16醒；晚上19.42睡，23.07醒,玩；刷抖音；玩王者；,早上瑾园早餐；中午吃零食；晚上鸡蛋腊肠炒粉,,,,
662,2025/3/5,周三,,5小时14分,下午15.11睡，晚上20.25醒,玩；刷抖音；玩王者；,中午没吃；晚上吃莴笋腊肉饭外卖和塔斯汀鸡翅外卖,,,拉得好,
663,2025/3/6,周四,,8小时43分,凌晨1.36睡，早上4.40醒；下午14.51睡，晚上20.30醒,早上玩刷抖音；中午11点开始整理心情；,早上吃瑾园早餐；中午瑾园牛肉粿条；晚上吃莴笋腊肉饭外卖,74,25.7,,
664,2025/3/7,周五,11小时34分,11小时32分,早上8.54睡，晚上20.26醒,玩；凌晨一直在打王者,晚上吃的炒粉和山东煎饼,72.75,25.3,,
665,2025/3/8,周六,16小时51分,3小时36分,凌晨0.31睡，早上4.07醒,玩；打王者；刷抖音,早上吃瑾园早餐；中午晚上没吃,73.75,25.7,早上起来拉了可能是昨天晚上炒粉的原因,
666,2025/3/9,周日,12小时24分,9小时23分,晚上19.11睡，凌晨00.59醒；凌晨2.54睡，早上6.30醒；,玩；打王者；刷抖音,早上瑾园早餐；晚上莴笋腊肉饭外卖,73.3,25.3,,
667,2025/3/10,周一,11小时51分,8小时40分,晚上20.44睡，早上6.19醒,早上6.45到工位；下午3点半泊松一面；晚上理发,早上吃的零食；早上沿着海边骑了1小时左右单车；中午吃瑾园小炒；晚上吃的汉堡王,,,早上起来拉得好,
668,2025/3/11,周二,12小时35分,7小时54分,晚上21.57睡，早上5.56醒,早上7.12到工位；下午六点泊松二面,早上瑾园早餐；中午瑾园小炒；晚上鸡蛋瘦肉炒粉，和山姆蓝莓,73.7,25.5,早上起来拉得好；下午前半段好，后半段拉了；晚上拉得好,
669,2025/3/12,周三,13小时34分,7小时24分,晚上23.42睡，早上7.06醒,早上7.58到工位；纠结；然后晚上决定去东方理工读博，然后被告知没有名额了,早上瑾园早餐；吃孙一暄买的山姆的东西（肠仔包、葡萄汁）,74,25.6,早上起来拉得好,
670,2025/3/13,周四,11小时28分,11小时6分,凌晨0.26睡，早上9.23醒；晚上7.47睡，晚上22.00醒,玩；玩王者,一天都在吃孙一暄买的山姆的东西（肠仔包、葡萄汁、鱿鱼）；,74.4,25.6,早上起来拉得好,
671,2025/3/14,周五,12小时25分,5小时36分,凌晨1.16睡，早上6.52醒,早上8.20到工位；其他时候玩,早上瑾园早餐；中文瑾园自选；晚上和武成龙、彭统帅去日月贝吃生蚝,,,早上起来拉得好,
672,2025/3/15,周六,,7小时45分,凌晨0.29睡，早上8.14醒,早上9.47到工位；玩；打王者，刷抖音，emo,早上瑾园早餐；中午没吃；晚上福鼎肉片和鸡蛋瘦肉炒米粉,74.55,25.9,早上起来拉得一般般,
673,2025/3/16,周日,,9小时28分,晚上23.38睡，早上6.28醒；早上8.16睡，10.54醒,玩；打王者，刷抖音，emo,早上没吃；中午瑾园小炒；晚上鸡蛋瘦肉炒米粉,74.1,25.8,,
674,2025/3/17,周一,,9小时21分,凌晨4.47睡，11.13醒；下午14.22睡，下午17.17醒,玩；打王者，刷抖音，emo,早上没吃；中午瑾园小炒和巧乐兹；晚上没吃,73.95,25.9,早上拉得好；中午回来拉了，可能是巧乐兹的原因，也可能是可乐,
675,2025/3/18,周二,,5小时26分,凌晨4.47睡，早上10.13醒,玩；打王者，刷抖音，emo；姜汉博老师晚上打电话告知可能有上交名额,早上没吃；下午辣条+KFC薯条汉堡鸡翅蜜汁全鸡可乐；晚上没吃,73.45,25.7,,
676,2025/3/19,周三,14小时51分,7小时30分,凌晨3.44睡，早上11.14醒,玩；打王者，刷抖音，emo,早上没吃；中午瑾园小炒；晚上鸡蛋虾仁炒米粉,73.75,25.8,,
677,2025/3/20,周四,5小时15分,10小时0分,凌晨2.10睡，中午12.13醒,下午去实验室，看了看实验,早上没吃；中午瑾园自选；晚上和彭统帅吃瑾园自选；晚上和孙一暄吃格力海岸KFC薯条在海边了走了走,73.45,25.6,拉得一般般,
678,2025/3/21,周五,11小时19分,5小时22分,凌晨3.53睡，早上9.15醒,凌晨在搞3d建模；下午在搞3d建模；晚上写管理程序,早上没吃；中午瑾园小炒；晚上鸡蛋虾仁炒米粉,73.7,25.6,拉得一般般，成形比较稀,
679,2025/3/22,周六,6小时34分,7小时2分,凌晨2.25睡；早上10.41醒,中午下午在搞3d建模；晚上写毕业论文,早上没吃；中午和彭统帅吃瑾园自选；晚上和彭统帅、刘开、李骁吃潮牛欣,73.6,25.9,,
680,2025/3/23,周日,15小时36分,4小时23分,早上6.27睡；下午10.50醒,醒来到下午2点都有呆滞，没睡醒，刷抖音；下午2.10到工位，写毕业论文；晚上打王者,早上没吃；中午吃辣条零食；晚上没吃,73.8,25.9,下午拉得好,
681,2025/3/24,周一,12小时14分,7小时1分,早上4.59睡，中午12.11醒；,凌晨在打王者；下午13.29到实验室搞3d打印机；下午搞了一会毕业论文；,早上没吃；中午吃的薯条辣条零食；晚上和彭统帅吃的瑾园自选；晚上跑步6.5公里，用时大概54分多,,,晚上拉得好,
682,2025/3/25,周二,,8小时49分,凌晨2.52睡，中午11.41醒,下午13.16到实验室，看了下3d打印；下午5点回去打王者,早上没吃，中午瑾园小炒；晚上吃的鸡蛋虾仁炒河粉,73.3,25.2,下午拉了；,
683,2025/3/26,周三,14小时47分,8小时28分,凌晨5.42睡；中午2.10醒,凌晨还在打王者；白天emo摆烂；晚上又玩了会王者,早上没吃，中午没吃；晚上吃的鸡蛋虾仁炒河粉；晚上跑步3.02公里，用时20分48，心率159，步频166,72.95,25.3,,
684,2025/3/27,周四,12小时25分,7小时28分,凌晨4.42睡，中午12.10醒,下午14.39到实验室；下午晚上搞了下毕设；晚上回来玩了会王者，emo,早上没吃；中午没吃；晚上和李骁、彭统帅吃的,73.05,24.9,下午拉得非常好；晚上拉了,
685,2025/3/28,周五,14小时8分,8小时26分,凌晨5.06睡，下午13.32醒,凌晨在emo；下午也在emo；晚上去了下实验室，然后就回来了，打王者，凌晨和王旺广、向朝打了两把,早上没吃；中午没吃；晚上吃的瑾园小炒，还有几包坚果,73.5,25.3,下午拉得非常好；,
686,2025/3/29,周六,,9小时41分,凌晨5.38睡，下午3.30醒,还是在emo；晚上打王者,早上没吃；中午没吃；晚上瑾园小炒,73.2,25.2,下午拉得非常好；,
687,2025/3/30,周日,,,下午4点多醒的,还是在emo；晚上打王者,早上没吃；中午没吃；晚上汉堡王,72.45,25.1,晚上拉得非常好,
688,2025/3/31,周一,17小时46分,5小时34分,早上11.07睡，下午16.41醒,还是躺床上emo；,早上没吃；中午没吃；晚上吃的牛肉炒刀削加羊肉,72.25,25,晚上拉得非常好,
689,2025/4/1,周二,15小时52分,1小时44分,晚上23.44睡，凌晨1.28醒；,还是在emo；下午15.20到工位搞毕设,早上吃瑾园早餐；中午没吃；晚上和李骁、彭统帅吃的瑾园自选,72.8,25.2,早上拉了；吃完早餐后10.30直接喷射了；,
690,2025/4/2,周三,4小时25分,10小时47分,晚上23.53睡，早上9.43醒；下午16.35睡，下午17.32醒,早上10.20到工位搞毕设；下午醒来晚上又去实验室搞毕设了,早上没吃；中午和彭玉祥老师、彭统帅吃的老番客的咖喱牛肉饭；晚上吃的瑾园自选,72.7,25.1,晚上拉得好,
691,2025/4/3,周四,8小时22分,3小时23分,凌晨4.56睡，早上7.40醒；下午1点睡，14.20醒；下午15.49睡，下午16.28醒,早上和彭统帅去广州补拍毕业证件照，岐关车上休息了会，下午休息了会，去实验室；全力搞毕业论文,早上瑾园早餐；中午和彭统帅吃的kfc；晚上和彭统帅、黎文浩、李骁吃的重庆小面的小炒,73.15,25.4,早上10点拉了，大概是早餐原因；晚上吃完拉了，可能是小炒或者可乐的原因,
692,2025/4/4,周五,7小时10分,10小时30分,凌晨3.30睡，下午14.16醒,下午14.50到工位全力搞毕设,早上没吃；中午没吃；下午吃了蛋白棒和辣条；晚上和彭统帅、王冠天吃的兰州拉面的牛肉炒刀削，晚上自己吃了薯片,73,25,下午拉了，晚上也拉了；,
693,2025/4/5,周六,,9小时4分,早上7.42睡；下午16.46醒,emo摆烂刷抖音玩王者躺床上,早上没吃；中午没吃；晚上瑾园小炒+锅包肉,72.65,25,下午4.40拉得成型，但是有点稀,
694,2025/4/6,周日,15小时25分,6小时44分,晚上23.39睡，凌晨3.34醒；中午12.21睡，下午15.10醒；,早上8.28到工位；10点多回宿舍玩了；中午午睡；下午3.30到工位,早上瑾园早餐；中午没吃；下午吃个薯片；晚上吃的KFC,72.8,25.1,,
695,2025/4/7,周一,,7小时40分,早上6.24睡；下午14.04醒,凌晨都在玩王者；下午14.38到工位；下午晚上搞毕设,早上没吃；中午没吃；下午吃的薯片和无糖雀巢咖啡；晚上吃彭统帅、李骁吃的钵钵面的土豆牛肉杂酱面；,72.8,24.9,下午起来拉得好；然后晚饭前又拉了；,
696,2025/4/8,周二,,6小时54分,早上7.22睡，下午14.16醒,凌晨都在玩王者；下午15.40到工位；下午晚上搞毕设,早上没吃；中午没吃；下午面包和肠；晚上吃彭统帅、李骁吃的唐家市场牛肉面；,72.55,24.8,,
697,2025/4/9,周三,,8小时4分,早上5.15睡，中午13.19醒,凌晨都在玩王者；下午13.50到工位；下午晚上搞毕设,早上没吃；中午没吃；下午薯片；晚上和彭统帅、李骁吃瑾园二楼自选,72.8,25,下午吃饭前拉了；下午吃饭前拉了；,
698,2025/4/10,周四,,6小时55分,早上6.11睡，下午13.13醒,凌晨都在玩王者；下午13.53到工位；下午晚上搞毕设,早上没吃；中午KFC；晚上和李骁、黎文浩吃的炒菜,72.8,25.1,下午起来拉得好；下午吃饭前拉了，晚上洗澡前又拉了,
699,2025/4/11,周五,,10小时51分,早上4.15睡，下午13.25醒；下午17.39睡，晚上19.20醒,感冒发热很难受；下午15.10去实验室一会回来就躺床上刷抖音；,早上没吃；中午没吃，下午喝点杯葡萄糖水；晚上吃的牛肉炒刀削加煎蛋 番茄味薯片,72.45,25.6,下午起来拉得好；,
700,2025/4/12,周六,,9小时17分,早上5.52睡，下午16.06醒,感冒很难受；躺床上刷抖音；,早上没吃；中午没吃；晚上吃的瑾园二楼自选,72.45,24.7,,
701,2025/4/13,周日,,8小时38分,早上8.54睡，下午16.04醒；晚上20.15睡，22.40醒,凌晨感冒很难受；躺床上刷抖音；晚上吃饭前去校医院看了,早上没吃；中午没吃；晚上吃的瑾园二楼自选,71.9,24.4,,
702,2025/4/14,周一,,3小时32分,早上7.59睡，中午11.31醒,凌晨感冒很难受；下午14.32到工位；晚上搞博士科研计划书,早上没吃；中午吃的KFC；晚上和彭统帅、李骁吃的瑾园二楼自选,71.85,24.6,下午拉得特别好，不知道是不是吃的抗生素的原因,
703,2025/4/15,周二,,6小时18分,早上6.07睡，中午12.25醒,感冒很难受；下午15.39到工位；然后去海边骑了会车；晚上打王者,早上没吃；下午吃了肠和威化饼干；晚上吃的KFC,71.7,24.3,下午起来拉得好,
704,2025/4/16,周三,,6小时1分,早上9.50醒，下午15.51醒,感冒很难受；凌晨打王者打到右眼散光了；摆烂；刷抖音；,早上没吃；中午没吃；晚上吃兰州拉面的牛肉炒饭+羊肉,72.14,24.9,,
705,2025/4/17,周四,,10小时7分分,晚上22.45睡，凌晨2.55醒；早上10.30睡，下午16.27醒,感冒很难受；凌晨打王者打到右眼散光了；摆烂；刷抖音；,没吃饭，吃了几包坚果,71.6,24.5,,
706,2025/4/18,周五,,9小时38分,凌晨3.00睡，早上11.02醒；下午15.19睡，下午16.55醒,摆烂；刷抖音；,早上没吃；中午吃的脆笋腊肉饭+百世可乐；,71.4,24.4,下午前半段好，后面拉了；,
,,,,,,,,,,,
,,,,,,,,,,,
,,,,,,,,,,,
,,,,,,,,,,,
,,,,,,,,,,,
,,,,,,,,,,,
,,,,,,,,,,,
,,,,,,,,,,,
,,,,,,,,,,,
,,,,,,,,,,,
,,,,,,,,,,,
,,,,,,,,,,,
,,,,,,,,,,,
,,,,,,,,,,,
,,,,,,,,,,,
,,,,,,,,,,,
,,,,,,,,,,,
,,,,,,,,,,,
,,,,,,,,,,,
,,,,,,,,,,,
,,,,,,,,,,,
,,,,,,,,,,,
,,,,,,,,,,,
,,,,,,,,,,,
,,,,,,,,,,,
,,,,,,,,,,,
,,,,,,,,,,,
,,,,,,,,,,,
,,,,,,,,,,,
,,,,,,,,,,,
,,,,,,,,,,,
,,,,,,,,,,,
,,,,,,,,,,,
,,,,,,,,,,,
,,,,,,,,,,,
,,,,,,,,,,,
,,,,,,,,,,,
,,,,,,,,,,,
,,,,,,,,,,,
,,,,,,,,,,,
,,,,,,,,,,,
,,,,,,,,,,,
,,,,,,,,,,,
,,,,,,,,,,,
,,,,,,,,,,,
,,,,,,,,,,,
,,,,,,,,,,,
,,,,,,,,,,,
,,,,,,,,,,,
,,,,,,,,,,,
,,,,,,,,,,,
,,,,,,,,,,,
,,,,,,,,,,,
,,,,,,,,,,,
,,,,,,,,,,,
,,,,,,,,,,,
,,,,,,,,,,,
,,,,,,,,,,,
,,,,,,,,,,,
,,,,,,,,,,,
,,,,,,,,,,,
,,,,,,,,,,,
,,,,,,,,,,,
,,,,,,,,,,,
,,,,,,,,,,,
,,,,,,,,,,,
,,,,,,,,,,,
,,,,,,,,,,,
,,,,,,,,,,,
,,,,,,,,,,,
,,,,,,,,,,,
,,,,,,,,,,,
,,,,,,,,,,,
,,,,,,,,,,,
,,,,,,,,,,,
,,,,,,,,,,,
,,,,,,,,,,,
,,,,,,,,,,,
,,,,,,,,,,,
,,,,,,,,,,,
,,,,,,,,,,,
,,,,,,,,,,,
,,,,,,,,,,,
,,,,,,,,,,,
,,,,,,,,,,,
,,,,,,,,,,,
,,,,,,,,,,,
,,,,,,,,,,,
,,,,,,,,,,,
,,,,,,,,,,,
,,,,,,,,,,,
,,,,,,,,,,,
,,,,,,,,,,,
,,,,,,,,,,,
,,,,,,,,,,,
,,,,,,,,,,,
,,,,,,,,,,,
,,,,,,,,,,,
,,,,,,,,,,,
,,,,,,,,,,,
,,,,,,,,,,,
,,,,,,,,,,,
,,,,,,,,,,,
,,,,,,,,,,,
,,,,,,,,,,,
,,,,,,,,,,,
,,,,,,,,,,,
,,,,,,,,,,,
,,,,,,,,,,,
,,,,,,,,,,,
,,,,,,,,,,,
,,,,,,,,,,,
,,,,,,,,,,,
,,,,,,,,,,,
,,,,,,,,,,,
,,,,,,,,,,,
,,,,,,,,,,,
,,,,,,,,,,,
,,,,,,,,,,,
,,,,,,,,,,,
,,,,,,,,,,,
,,,,,,,,,,,
,,,,,,,,,,,
,,,,,,,,,,,
,,,,,,,,,,,
,,,,,,,,,,,
,,,,,,,,,,,
,,,,,,,,,,,
,,,,,,,,,,,
,,,,,,,,,,,
,,,,,,,,,,,
,,,,,,,,,,,
,,,,,,,,,,,
,,,,,,,,,,,
,,,,,,,,,,,
,,,,,,,,,,,
,,,,,,,,,,,
,,,,,,,,,,,
,,,,,,,,,,,
,,,,,,,,,,,
,,,,,,,,,,,
,,,,,,,,,,,
,,,,,,,,,,,
,,,,,,,,,,,
,,,,,,,,,,,
,,,,,,,,,,,
,,,,,,,,,,,
,,,,,,,,,,,
,,,,,,,,,,,
,,,,,,,,,,,
,,,,,,,,,,,
,,,,,,,,,,,
,,,,,,,,,,,
,,,,,,,,,,,
,,,,,,,,,,,
,,,,,,,,,,,
,,,,,,,,,,,
,,,,,,,,,,,
,,,,,,,,,,,
,,,,,,,,,,,
,,,,,,,,,,,
,,,,,,,,,,,
,,,,,,,,,,,
,,,,,,,,,,,
,,,,,,,,,,,
,,,,,,,,,,,
,,,,,,,,,,,
,,,,,,,,,,,
,,,,,,,,,,,
,,,,,,,,,,,
,,,,,,,,,,,
,,,,,,,,,,,
,,,,,,,,,,,
,,,,,,,,,,,
,,,,,,,,,,,
,,,,,,,,,,,
,,,,,,,,,,,
,,,,,,,,,,,
,,,,,,,,,,,
,,,,,,,,,,,
,,,,,,,,,,,
,,,,,,,,,,,
,,,,,,,,,,,
,,,,,,,,,,,
,,,,,,,,,,,
,,,,,,,,,,,
,,,,,,,,,,,
,,,,,,,,,,,
,,,,,,,,,,,
,,,,,,,,,,,
,,,,,,,,,,,
,,,,,,,,,,,
,,,,,,,,,,,
,,,,,,,,,,,
,,,,,,,,,,,
,,,,,,,,,,,
,,,,,,,,,,,
,,,,,,,,,,,
,,,,,,,,,,,
,,,,,,,,,,,
,,,,,,,,,,,
,,,,,,,,,,,
,,,,,,,,,,,
,,,,,,,,,,,
,,,,,,,,,,,
,,,,,,,,,,,
,,,,,,,,,,,
,,,,,,,,,,,
,,,,,,,,,,,
,,,,,,,,,,,
,,,,,,,,,,,
,,,,,,,,,,,
,,,,,,,,,,,
,,,,,,,,,,,
,,,,,,,,,,,
,,,,,,,,,,,
,,,,,,,,,,,
,,,,,,,,,,,
,,,,,,,,,,,
,,,,,,,,,,,
,,,,,,,,,,,
,,,,,,,,,,,
,,,,,,,,,,,
,,,,,,,,,,,
,,,,,,,,,,,
,,,,,,,,,,,
,,,,,,,,,,,
,,,,,,,,,,,
,,,,,,,,,,,
,,,,,,,,,,,
,,,,,,,,,,,
,,,,,,,,,,,
,,,,,,,,,,,
,,,,,,,,,,,
,,,,,,,,,,,
,,,,,,,,,,,
,,,,,,,,,,,
,,,,,,,,,,,
,,,,,,,,,,,
,,,,,,,,,,,
,,,,,,,,,,,
,,,,,,,,,,,
,,,,,,,,,,,
,,,,,,,,,,,
,,,,,,,,,,,
,,,,,,,,,,,
,,,,,,,,,,,
,,,,,,,,,,,
,,,,,,,,,,,
,,,,,,,,,,,
,,,,,,,,,,,
,,,,,,,,,,,
,,,,,,,,,,,
,,,,,,,,,,,
,,,,,,,,,,,
,,,,,,,,,,,
,,,,,,,,,,,
,,,,,,,,,,,
,,,,,,,,,,,
,,,,,,,,,,,
,,,,,,,,,,,
,,,,,,,,,,,
,,,,,,,,,,,
,,,,,,,,,,,
,,,,,,,,,,,
,,,,,,,,,,,
,,,,,,,,,,,
,,,,,,,,,,,
,,,,,,,,,,,
,,,,,,,,,,,
,,,,,,,,,,,
,,,,,,,,,,,
,,,,,,,,,,,
,,,,,,,,,,,
,,,,,,,,,,,
,,,,,,,,,,,
,,,,,,,,,,,
,,,,,,,,,,,
,,,,,,,,,,,
,,,,,,,,,,,
,,,,,,,,,,,
,,,,,,,,,,,
,,,,,,,,,,,
,,,,,,,,,,,
,,,,,,,,,,,
,,,,,,,,,,,
,,,,,,,,,,,
,,,,,,,,,,,
,,,,,,,,,,,
,,,,,,,,,,,
,,,,,,,,,,,
,,,,,,,,,,,
,,,,,,,,,,,
,,,,,,,,,,,
,,,,,,,,,,,
,,,,,,,,,,,
,,,,,,,,,,,
,,,,,,,,,,,
,,,,,,,,,,,
,,,,,,,,,,,
,,,,,,,,,,,
,,,,,,,,,,,
,,,,,,,,,,,
,,,,,,,,,,,
,,,,,,,,,,,
,,,,,,,,,,,
,,,,,,,,,,,
,,,,,,,,,,,
,,,,,,,,,,,
,,,,,,,,,,,
,,,,,,,,,,,
,,,,,,,,,,,
,,,,,,,,,,,
,,,,,,,,,,,
,,,,,,,,,,,
,,,,,,,,,,,
,,,,,,,,,,,
,,,,,,,,,,,
,,,,,,,,,,,
,,,,,,,,,,,
,,,,,,,,,,,
,,,,,,,,,,,
,,,,,,,,,,,
,,,,,,,,,,,
,,,,,,,,,,,
,,,,,,,,,,,
,,,,,,,,,,,
,,,,,,,,,,,
,,,,,,,,,,,
,,,,,,,,,,,
,,,,,,,,,,,
,,,,,,,,,,,
,,,,,,,,,,,
,,,,,,,,,,,
,,,,,,,,,,,
,,,,,,,,,,,
,,,,,,,,,,,
,,,,,,,,,,,
,,,,,,,,,,,
,,,,,,,,,,,
,,,,,,,,,,,
,,,,,,,,,,,
,,,,,,,,,,,
,,,,,,,,,,,
,,,,,,,,,,,
,,,,,,,,,,,
,,,,,,,,,,,
,,,,,,,,,,,
,,,,,,,,,,,
,,,,,,,,,,,
,,,,,,,,,,,
,,,,,,,,,,,
,,,,,,,,,,,
,,,,,,,,,,,
,,,,,,,,,,,
,,,,,,,,,,,
,,,,,,,,,,,
,,,,,,,,,,,
,,,,,,,,,,,
,,,,,,,,,,,
,,,,,,,,,,,
,,,,,,,,,,,
,,,,,,,,,,,
,,,,,,,,,,,
,,,,,,,,,,,
,,,,,,,,,,,
,,,,,,,,,,,
,,,,,,,,,,,
,,,,,,,,,,,
,,,,,,,,,,,
,,,,,,,,,,,
,,,,,,,,,,,
,,,,,,,,,,,
,,,,,,,,,,,
,,,,,,,,,,,
,,,,,,,,,,,
,,,,,,,,,,,
,,,,,,,,,,,
,,,,,,,,,,,
,,,,,,,,,,,
,,,,,,,,,,,
,,,,,,,,,,,
,,,,,,,,,,,
,,,,,,,,,,,
,,,,,,,,,,,
,,,,,,,,,,,
,,,,,,,,,,,
,,,,,,,,,,,
,,,,,,,,,,,
,,,,,,,,,,,
,,,,,,,,,,,
,,,,,,,,,,,
,,,,,,,,,,,
,,,,,,,,,,,
,,,,,,,,,,,
,,,,,,,,,,,
,,,,,,,,,,,
,,,,,,,,,,,
,,,,,,,,,,,
,,,,,,,,,,,
,,,,,,,,,,,
,,,,,,,,,,,
,,,,,,,,,,,
,,,,,,,,,,,
,,,,,,,,,,,
,,,,,,,,,,,
,,,,,,,,,,,
,,,,,,,,,,,
,,,,,,,,,,,
,,,,,,,,,,,
,,,,,,,,,,,
,,,,,,,,,,,
,,,,,,,,,,,
,,,,,,,,,,,
,,,,,,,,,,,
,,,,,,,,,,,
,,,,,,,,,,,
,,,,,,,,,,,
,,,,,,,,,,,
,,,,,,,,,,,
,,,,,,,,,,,
,,,,,,,,,,,
,,,,,,,,,,,
,,,,,,,,,,,
,,,,,,,,,,,
,,,,,,,,,,,
,,,,,,,,,,,
,,,,,,,,,,,
,,,,,,,,,,,
,,,,,,,,,,,
,,,,,,,,,,,
,,,,,,,,,,,
,,,,,,,,,,,
,,,,,,,,,,,
,,,,,,,,,,,
,,,,,,,,,,,
,,,,,,,,,,,
,,,,,,,,,,,
,,,,,,,,,,,
,,,,,,,,,,,
,,,,,,,,,,,
,,,,,,,,,,,
,,,,,,,,,,,
,,,,,,,,,,,
,,,,,,,,,,,
,,,,,,,,,,,
,,,,,,,,,,,
,,,,,,,,,,,
,,,,,,,,,,,
,,,,,,,,,,,
,,,,,,,,,,,
,,,,,,,,,,,
,,,,,,,,,,,
,,,,,,,,,,,
,,,,,,,,,,,
,,,,,,,,,,,
,,,,,,,,,,,
,,,,,,,,,,,
,,,,,,,,,,,
,,,,,,,,,,,
,,,,,,,,,,,
,,,,,,,,,,,
,,,,,,,,,,,
,,,,,,,,,,,
,,,,,,,,,,,
,,,,,,,,,,,
,,,,,,,,,,,
,,,,,,,,,,,
,,,,,,,,,,,
,,,,,,,,,,,
,,,,,,,,,,,
,,,,,,,,,,,
,,,,,,,,,,,
,,,,,,,,,,,
,,,,,,,,,,,
,,,,,,,,,,,
,,,,,,,,,,,
,,,,,,,,,,,
,,,,,,,,,,,
,,,,,,,,,,,
,,,,,,,,,,,
,,,,,,,,,,,
,,,,,,,,,,,
,,,,,,,,,,,
,,,,,,,,,,,
,,,,,,,,,,,
,,,,,,,,,,,
,,,,,,,,,,,
,,,,,,,,,,,
,,,,,,,,,,,
,,,,,,,,,,,
,,,,,,,,,,,
,,,,,,,,,,,
,,,,,,,,,,,
,,,,,,,,,,,
,,,,,,,,,,,
,,,,,,,,,,,
,,,,,,,,,,,
,,,,,,,,,,,
,,,,,,,,,,,
,,,,,,,,,,,
,,,,,,,,,,,
,,,,,,,,,,,
,,,,,,,,,,,
,,,,,,,,,,,
,,,,,,,,,,,
,,,,,,,,,,,
,,,,,,,,,,,
,,,,,,,,,,,
,,,,,,,,,,,
